Student_ID,Attendance,Assignment_Score,Quiz_Score,Midterm,Final,GPA,LMS_Logins,Time_Spent,Discussion_Posts,Late_Submissions,Teacher_Feedback,Course_Completion,Previous_Result,Risk
STU0646,79.9,64.6,59.9,41.1,45.7,1.88,36,29.9,34.0,9,Good,96.4,1,0
STU0196,71.6,70.1,35.6,60.3,32.8,2.49,22,37.3,19.0,8,Fair,90.0,0,0
STU0527,100.0,94.5,79.8,87.4,80.7,3.61,59,87.6,27.0,7,Excellent,90.6,1,0
STU0794,77.3,68.7,63.0,75.5,64.4,3.26,52,23.0,25.0,5,Excellent,81.6,1,0
STU0414,84.6,85.8,59.0,67.9,62.0,3.39,38,36.8,39.0,3,Excellent,100.0,1,0
STU0601,94.5,72.3,64.3,80.4,77.4,3.52,54,70.7,36.0,6,Good,90.7,0,0
STU0228,100.0,85.8,90.7,88.4,100.0,3.59,46,,23.0,2,Excellent,100.0,1,0
STU0909,82.2,63.2,53.0,49.6,53.5,2.94,36,31.2,20.0,6,Fair,70.1,0,1
STU0307,60.4,53.7,76.4,61.8,56.7,2.51,18,52.3,13.0,7,Poor,83.9,0,1
STU0184,87.1,85.4,67.3,84.4,100.0,4.0,63,123.8,33.0,3,Excellent,96.0,1,0
STU0276,83.3,71.2,40.1,53.2,60.5,2.22,42,98.0,38.0,10,Excellent,79.4,1,0
STU0830,43.2,29.4,53.4,7.4,0.0,0.99,20,1.1,0.0,15,Poor,53.8,1,1
STU0374,89.8,64.1,87.4,66.6,96.3,2.89,71,,22.0,8,Excellent,80.1,1,0
STU0427,97.9,83.0,91.6,77.6,74.9,2.85,52,57.5,20.0,3,Fair,96.1,1,0
STU0177,87.5,80.4,86.3,95.0,91.2,4.0,51,90.4,32.0,3,Excellent,100.0,1,0
STU0282,91.0,26.0,42.2,44.1,0.0,1.82,18,0.0,0.0,10,Poor,61.9,1,1
STU0495,79.4,59.2,69.1,73.7,58.0,2.75,33,12.3,24.0,10,Fair,67.2,1,0
STU0237,60.0,38.3,36.9,42.0,25.2,1.16,10,42.4,6.0,11,Poor,83.7,1,1
STU0396,79.7,82.7,54.2,70.3,64.6,2.94,38,68.0,17.0,7,Poor,84.4,1,0
STU0552,75.2,67.4,68.7,55.1,59.7,2.9,52,102.3,31.0,5,Poor,96.2,1,0
STU0341,57.9,29.8,48.8,22.5,0.0,1.46,30,0.0,11.0,11,Poor,47.6,0,1
STU0873,85.5,70.5,62.0,66.0,53.7,3.11,24,93.4,25.0,9,Excellent,89.2,1,0
STU0204,84.9,73.6,76.2,83.9,97.5,2.59,38,121.1,2.0,3,Excellent,89.7,1,0
STU0404,63.6,56.9,52.0,67.7,72.4,2.44,46,71.5,3.0,7,Fair,68.5,0,0
STU0451,87.8,61.7,56.6,40.1,46.8,2.51,55,71.5,20.0,13,Good,53.8,0,0
STU0708,82.6,75.3,43.9,76.5,64.0,3.11,57,67.2,19.0,4,Excellent,74.1,1,0
STU0025,63.8,43.6,45.9,52.5,40.2,2.27,24,83.8,30.0,10,Poor,79.6,0,1
STU0371,87.3,54.0,53.2,58.1,39.0,2.92,48,81.5,25.0,5,Poor,91.3,1,0
STU0422,79.9,53.4,50.4,47.1,54.7,1.77,27,37.6,8.0,7,Poor,73.7,1,0
STU0837,81.5,63.5,64.1,63.0,27.3,2.79,40,38.8,13.0,4,Poor,64.3,1,0
STU0843,100.0,95.8,89.3,90.9,68.8,3.61,55,50.6,50.0,1,Excellent,96.5,1,0
STU0391,59.5,30.6,17.6,13.5,22.1,1.94,9,10.1,12.0,13,Poor,47.4,0,1
STU0716,58.6,51.2,49.0,32.4,59.6,1.9,45,60.7,13.0,9,Poor,58.2,0,1
STU0714,73.1,64.9,52.6,61.8,47.3,3.54,43,56.1,24.0,7,Good,74.5,0,0
STU0836,73.1,55.1,51.3,51.0,34.3,1.47,8,8.6,12.0,9,Fair,60.7,1,1
STU0242,79.8,56.8,54.6,49.4,46.4,2.35,27,76.2,18.0,4,Good,70.8,1,0
STU0308,89.2,92.8,78.7,88.9,100.0,3.26,66,82.7,27.0,2,Good,72.9,1,0
STU0295,67.4,65.0,70.6,50.5,55.9,2.56,48,28.4,21.0,11,Fair,70.6,0,1
STU0465,71.7,59.4,43.3,50.1,52.8,1.69,39,3.5,38.0,5,Poor,74.4,1,1
STU0718,89.7,70.7,72.7,76.6,66.0,2.87,70,72.6,31.0,10,Good,100.0,1,0
STU0839,100.0,100.0,95.8,84.7,100.0,3.65,43,98.8,40.0,0,Excellent,100.0,1,0
STU0289,79.1,78.2,68.2,51.7,52.3,2.81,29,76.3,16.0,11,Poor,73.1,0,0
STU0014,91.6,67.4,76.4,79.3,100.0,3.86,38,100.5,37.0,3,Excellent,88.4,0,0
STU0898,61.2,58.4,53.4,69.6,60.7,2.76,50,44.5,12.0,9,Poor,84.8,1,1
STU0363,87.4,65.1,71.8,78.6,71.2,3.87,66,157.9,20.0,2,Good,86.4,0,0
STU0952,100.0,73.8,75.2,96.4,55.9,3.14,61,97.7,22.0,7,Good,100.0,1,0
STU0900,52.6,37.4,51.8,41.8,27.1,1.96,11,18.5,1.0,9,Poor,93.6,1,1
STU0367,91.4,47.3,64.2,50.2,52.2,2.05,25,67.6,15.0,6,Poor,71.0,1,1
STU0188,70.6,53.0,44.1,34.0,33.4,1.98,12,22.5,0.0,9,Poor,80.5,0,1
STU0291,73.3,64.1,64.0,54.6,49.0,2.68,36,39.4,25.0,12,Fair,100.0,1,0
STU0772,100.0,84.2,84.5,65.3,47.7,3.6,72,118.6,39.0,6,Excellent,88.7,1,0
STU0270,79.0,70.7,58.9,51.2,56.6,2.39,51,61.0,27.0,9,Fair,88.7,1,0
STU0685,74.4,55.2,44.4,41.9,43.2,2.06,69,34.1,12.0,3,Poor,70.1,1,0
STU0154,74.6,55.2,47.5,52.1,39.8,2.86,52,63.8,25.0,9,Poor,80.2,1,0
STU0686,59.5,64.9,58.5,57.0,41.6,1.78,40,8.5,24.0,7,Poor,60.5,1,1
STU0493,67.5,57.3,66.5,53.3,44.6,2.42,45,9.0,,8,Poor,65.3,1,1
STU0442,85.6,73.2,72.1,66.5,36.5,2.37,65,31.0,41.0,0,Fair,80.9,1,0
STU0918,81.6,81.1,85.8,61.1,67.3,2.99,56,78.9,37.0,5,Excellent,89.2,0,0
STU0145,83.2,55.5,46.8,44.0,63.6,1.61,14,74.7,16.0,8,Poor,73.2,0,1
STU0491,100.0,75.2,83.4,62.7,100.0,3.16,59,101.6,34.0,6,Excellent,76.8,1,0
STU0824,72.5,43.6,28.3,26.7,15.4,1.41,15,24.1,11.0,15,Poor,83.0,0,1
STU0425,72.5,55.9,53.3,81.5,30.9,2.41,31,14.7,3.0,10,Poor,77.5,1,0
STU0550,77.4,77.8,75.5,77.8,59.6,2.66,75,62.5,13.0,7,Excellent,94.6,1,0
STU0190,93.6,86.3,87.8,69.4,100.0,3.19,65,116.2,34.0,4,Excellent,91.0,1,0
STU0793,89.2,74.8,62.1,64.2,77.2,2.78,62,24.3,26.0,5,Good,85.7,0,0
STU0868,78.8,66.1,71.9,74.9,47.8,2.89,50,87.5,0.0,7,Fair,69.9,0,0
STU0062,69.3,73.3,74.5,58.4,67.1,2.75,25,88.9,10.0,8,Excellent,71.7,0,0
STU0852,95.5,61.5,70.0,44.7,48.1,2.76,43,44.5,41.0,7,Fair,93.5,1,0
STU0745,87.1,72.7,73.4,96.1,58.2,2.89,32,15.0,18.0,2,Good,54.3,1,0
STU0167,96.1,97.8,99.5,64.5,60.0,2.5,53,56.9,24.0,1,Good,99.3,1,0
STU0312,97.2,78.1,70.8,75.4,67.0,2.53,49,49.5,18.0,7,Good,100.0,1,0
STU0350,94.4,84.3,87.5,72.1,90.8,3.45,40,74.1,34.0,3,Excellent,100.0,0,0
STU0248,92.6,75.4,78.3,72.4,96.7,4.0,48,92.8,35.0,0,Excellent,100.0,1,0
STU0666,63.0,38.3,43.6,16.4,41.5,1.68,0,,8.0,10,Poor,80.5,1,1
STU0947,100.0,64.3,81.4,81.7,82.7,3.13,15,12.9,24.0,10,Fair,93.2,1,0
STU0963,69.8,50.8,53.7,52.2,45.3,2.66,29,60.0,0.0,13,Poor,98.6,0,1
STU0325,100.0,91.5,63.4,99.2,77.8,3.66,56,153.0,46.0,3,Excellent,100.0,1,0
STU0639,93.7,73.6,75.9,72.5,62.7,3.1,52,44.1,34.0,7,Fair,83.3,0,0
STU0157,65.6,67.7,67.6,95.0,65.9,2.5,41,67.4,35.0,4,Good,86.7,1,0
STU0239,61.1,57.1,42.1,56.0,39.9,1.81,35,37.5,18.0,5,Poor,95.5,1,0
STU0961,72.0,88.3,71.0,100.0,77.9,3.4,58,92.9,8.0,1,Excellent,71.2,1,0
STU0449,86.5,78.0,83.3,71.3,96.2,3.72,37,61.7,37.0,0,Excellent,100.0,1,0
STU0559,65.3,56.3,61.0,49.3,48.1,1.76,25,27.6,13.0,10,Poor,66.1,1,1
STU0894,90.8,49.3,57.5,48.9,48.8,3.09,52,64.7,43.0,10,Poor,76.2,1,1
STU0544,89.9,62.8,67.9,63.2,43.4,2.13,53,42.1,25.0,10,Poor,74.3,0,0
STU0949,98.3,64.0,74.1,66.1,65.2,3.23,41,99.7,5.0,4,Good,81.5,1,0
STU0302,60.0,29.4,36.6,62.7,47.2,1.52,15,8.3,,14,Poor,62.0,0,1
STU0539,57.1,27.4,39.8,35.4,3.9,1.53,30,77.7,0.0,11,Poor,45.8,1,1
STU0848,62.0,68.1,67.6,100.0,81.7,3.62,18,73.3,31.0,1,Excellent,95.4,1,0
STU0125,85.7,75.4,72.8,76.4,82.9,2.93,71,51.1,11.0,5,Good,89.8,1,0
STU0284,73.5,78.3,70.9,83.5,60.7,3.22,45,24.4,20.0,3,Fair,87.6,1,0
STU0594,78.3,38.7,49.6,41.6,27.1,1.88,19,29.9,14.0,9,Poor,63.1,0,1
STU0905,67.0,62.9,51.9,32.2,75.8,2.91,57,47.7,23.0,8,Fair,68.5,1,0
STU0448,77.9,73.8,54.9,67.8,53.6,2.46,48,41.0,11.0,6,Poor,95.0,0,1
STU0083,81.4,64.7,48.3,58.3,53.8,2.49,55,47.7,36.0,7,Fair,78.1,0,1
STU0357,91.2,66.0,67.2,57.1,74.0,2.1,14,58.1,0.0,8,Good,86.9,1,0
STU0854,68.4,71.8,65.6,57.3,,2.16,35,77.2,19.0,8,Good,63.0,1,0
STU0509,69.5,74.7,64.4,59.2,37.6,2.4,35,50.5,29.0,7,Fair,69.0,1,0
STU0673,62.7,57.8,50.3,57.1,54.1,2.27,55,48.3,3.0,13,Poor,89.0,1,1
STU0042,85.3,80.9,75.5,67.7,66.3,2.66,50,104.4,41.0,6,Good,100.0,1,0
STU0077,97.7,71.0,57.6,54.5,17.8,2.56,36,26.0,35.0,14,Poor,86.2,0,1
STU0607,86.4,80.0,63.2,52.7,58.2,2.99,76,105.4,37.0,4,Excellent,87.9,1,0
STU0595,63.4,52.4,33.2,37.3,47.1,2.11,25,27.1,4.0,13,Poor,70.9,1,1
STU0235,72.9,59.1,45.9,44.2,62.6,2.03,31,60.4,18.0,8,Poor,81.0,1,0
STU0656,97.6,57.6,61.6,70.0,63.3,2.77,48,7.4,38.0,7,Good,79.3,1,0
STU0382,83.8,60.1,85.8,84.5,85.3,3.14,56,100.9,,5,Excellent,85.3,1,0
STU0629,66.3,55.5,43.2,60.1,32.2,2.31,27,73.5,1.0,7,Poor,71.4,1,1
STU0323,92.6,81.0,87.3,80.6,59.5,3.06,30,47.5,39.0,5,Excellent,100.0,1,0
STU0992,97.7,89.6,95.4,70.8,83.3,3.79,22,42.3,50.0,0,Excellent,88.6,1,0
STU0275,93.9,81.5,83.0,61.6,90.9,3.28,77,83.6,31.0,3,Excellent,85.0,1,0
STU0504,75.1,49.1,49.3,24.2,43.8,1.56,4,80.9,6.0,9,Poor,68.8,0,1
STU0938,74.7,55.6,74.7,65.3,35.8,2.87,60,80.8,15.0,9,Good,86.3,1,0
STU0932,93.2,68.6,76.2,76.8,54.8,2.65,28,87.3,32.0,4,Good,67.4,0,0
STU0738,98.3,75.0,70.6,91.6,84.4,3.33,73,64.5,13.0,8,Good,85.0,0,0
STU0700,88.7,65.0,52.8,43.3,55.7,1.89,20,102.9,38.0,7,Fair,89.0,0,1
STU0755,96.4,98.0,94.1,85.0,100.0,3.33,76,64.0,52.0,5,Excellent,100.0,1,0
STU0884,66.7,51.6,59.2,58.2,35.5,1.98,50,34.0,2.0,15,Poor,90.7,1,1
STU0407,75.6,66.5,64.2,67.8,50.1,2.03,42,53.8,33.0,3,Fair,59.3,1,0
STU0737,100.0,65.2,63.8,66.8,62.1,3.24,62,150.2,29.0,7,Fair,100.0,1,0
STU0468,99.9,80.3,98.1,67.3,87.8,4.0,49,62.2,39.0,0,Excellent,100.0,1,0
STU0560,71.3,53.3,65.7,37.8,27.5,1.69,24,0.0,0.0,8,Good,79.7,0,1
STU0224,78.8,58.2,42.8,22.6,25.1,2.19,54,17.5,12.0,5,Poor,71.0,0,1
STU0044,69.6,69.8,58.9,58.6,44.2,2.14,16,53.1,44.0,7,Fair,100.0,1,0
STU0967,93.1,64.6,72.6,45.2,49.3,2.23,34,70.7,17.0,9,Fair,78.5,1,0
STU0807,90.7,68.1,76.9,49.0,82.5,2.24,30,49.5,17.0,8,Fair,66.7,0,0
STU0692,83.2,50.2,50.8,56.3,58.6,2.39,35,84.4,13.0,9,Fair,75.1,1,0
STU0530,71.6,91.3,76.9,83.1,100.0,3.5,69,56.4,24.0,3,Excellent,100.0,1,0
STU0731,94.2,71.1,57.8,58.9,64.6,2.14,57,48.7,4.0,4,Good,83.5,1,0
STU0587,78.9,31.9,49.6,31.1,45.6,1.81,36,67.5,3.0,6,Poor,81.0,1,0
STU0546,79.2,62.0,56.7,50.8,56.6,3.15,29,84.6,10.0,8,Good,100.0,0,0
STU0631,98.9,77.2,83.1,93.9,63.5,2.84,64,111.6,39.0,1,Excellent,100.0,1,0
STU0991,83.6,80.4,79.2,77.5,53.5,2.39,63,89.6,34.0,4,Excellent,92.5,1,0
STU0661,85.4,63.1,33.6,35.8,9.1,1.85,17,28.8,,9,Poor,58.3,0,1
STU0645,72.0,49.7,72.0,52.7,52.7,2.86,45,75.9,21.0,5,Poor,85.4,1,0
STU0761,100.0,72.8,71.7,74.4,82.6,4.0,77,112.6,37.0,6,Excellent,95.8,1,0
STU0241,84.5,64.8,63.5,61.2,44.5,2.46,15,26.0,9.0,8,Fair,88.3,1,0
STU0691,81.3,65.8,55.3,74.3,78.7,3.46,33,83.0,36.0,10,Excellent,88.8,0,0
STU0212,81.2,44.8,55.9,40.4,40.4,2.18,24,19.6,0.0,12,Poor,57.5,0,1
STU0501,100.0,79.2,84.3,78.5,62.8,3.23,59,35.4,37.0,4,Excellent,100.0,1,0
STU0617,88.2,98.6,71.5,86.0,34.6,3.01,49,91.7,14.0,8,Good,100.0,1,0
STU0072,57.5,42.4,36.7,46.5,37.7,2.01,38,0.0,13.0,9,Poor,84.3,1,1
STU0994,93.2,90.8,100.0,72.4,72.5,3.26,78,105.1,36.0,3,Excellent,77.9,1,0
STU0775,69.4,75.1,59.3,74.3,56.1,3.55,19,56.6,23.0,5,Fair,82.0,1,0
STU0397,99.5,80.7,68.1,61.6,72.8,3.22,42,143.2,32.0,6,Good,96.7,1,0
STU0867,63.1,46.9,51.5,45.9,24.5,1.81,45,0.0,17.0,13,Poor,68.9,1,1
STU0813,83.8,71.5,62.3,58.5,63.1,2.99,51,22.7,22.0,7,Fair,73.6,1,1
STU0678,80.8,74.4,72.6,74.6,76.5,3.02,42,88.9,29.0,6,Good,79.3,1,0
STU0697,57.2,32.1,39.6,17.8,28.9,1.46,30,6.5,8.0,14,Poor,54.8,0,1
STU0452,87.3,74.6,63.6,74.7,61.7,2.54,39,61.2,16.0,4,Excellent,72.9,0,0
STU0519,93.2,75.2,78.8,74.6,70.5,3.43,54,81.7,16.0,6,Excellent,96.3,1,0
STU0870,91.5,67.3,67.6,67.1,59.5,3.33,34,29.8,2.0,6,Poor,81.9,1,1
STU0021,78.4,66.3,60.9,43.5,58.4,2.28,61,69.2,17.0,10,Fair,82.8,1,0
STU0750,69.3,61.5,59.0,63.2,21.1,2.11,1,56.6,20.0,6,Poor,60.9,1,1
STU0844,79.6,52.8,68.5,81.8,42.6,2.77,52,74.3,12.0,11,Fair,73.1,1,1
STU0306,92.5,32.5,45.9,51.4,41.1,2.7,37,43.1,,11,Poor,68.3,1,0
STU0091,89.2,69.9,72.7,85.8,99.9,3.12,67,43.3,14.0,4,Good,76.4,1,0
STU0103,72.2,66.2,52.3,65.0,42.8,2.82,21,35.5,16.0,6,Poor,86.6,1,0
STU0112,81.0,66.9,70.3,79.2,70.3,2.7,55,,12.0,6,Poor,97.0,1,0
STU0642,84.9,79.1,70.6,91.5,62.9,2.38,75,65.9,39.0,10,Excellent,99.6,0,0
STU0070,69.6,62.9,58.9,48.0,26.9,2.97,59,34.8,43.0,10,Poor,86.2,1,0
STU0379,98.7,89.2,82.6,73.5,80.1,3.44,62,144.0,43.0,1,Excellent,81.3,1,0
STU0747,94.1,84.8,94.0,68.0,99.4,3.0,83,53.6,24.0,0,Excellent,100.0,1,0
STU0417,100.0,98.0,69.4,78.7,93.6,3.46,68,,13.0,0,Excellent,90.1,1,0
STU0569,82.2,79.0,53.3,75.1,76.7,2.91,35,88.9,14.0,6,Fair,100.0,0,0
STU0218,86.4,65.4,78.2,95.6,87.9,3.8,43,120.9,13.0,8,Excellent,90.6,1,0
STU0438,82.3,28.4,52.7,46.2,51.4,2.03,14,31.5,6.0,9,Poor,74.7,1,1
STU0342,75.3,73.4,64.9,74.7,78.8,2.89,45,72.1,19.0,6,Poor,93.7,0,1
STU0113,77.1,49.1,64.1,71.5,40.5,2.33,28,63.1,15.0,6,Poor,91.7,1,0
STU0701,83.2,71.4,84.1,77.1,88.2,3.16,36,69.3,24.0,3,Excellent,86.9,1,0
STU0197,95.3,64.5,69.1,55.0,73.6,3.03,52,38.0,35.0,5,Excellent,81.9,1,0
STU0395,100.0,60.2,63.4,78.5,55.8,3.14,57,52.9,,6,Excellent,73.2,1,0
STU0759,100.0,66.1,77.4,75.4,57.0,3.11,45,126.7,17.0,5,Fair,82.3,1,0
STU0050,80.0,70.4,53.7,79.1,60.9,3.04,57,44.2,,8,Excellent,95.6,1,0
STU0356,81.2,72.8,46.1,32.0,53.2,3.08,11,55.1,21.0,8,Fair,72.7,1,0
STU0567,91.3,54.6,62.9,67.2,16.3,3.03,42,4.6,18.0,8,Fair,73.7,1,0
STU0492,80.1,70.6,61.1,55.0,53.5,2.03,75,68.6,24.0,7,Good,83.8,1,0
STU0047,97.6,73.0,79.4,79.9,71.7,3.45,12,100.8,39.0,5,Good,97.7,1,0
STU0259,68.7,78.2,71.2,48.5,76.4,2.06,43,17.6,28.0,7,Good,98.5,1,0
STU0117,70.0,78.1,66.4,56.5,77.6,3.06,52,32.1,31.0,8,Good,87.4,1,0
STU0039,65.5,61.7,44.2,38.6,36.0,1.62,36,20.6,5.0,9,Poor,88.8,1,1
STU0856,81.2,60.6,77.3,38.7,75.0,2.56,22,53.3,28.0,7,Fair,74.2,1,0
STU0211,83.0,85.0,81.1,75.2,75.0,3.29,53,78.2,16.0,5,Excellent,87.6,1,0
STU0107,69.8,42.8,64.2,55.8,11.4,2.44,41,57.3,15.0,11,Good,79.5,0,1
STU0475,69.2,72.5,62.3,54.6,60.7,3.08,52,56.3,21.0,7,Good,100.0,1,0
STU0038,78.9,50.6,61.9,47.2,44.5,1.92,13,81.7,7.0,6,Poor,65.6,1,1
STU0304,67.2,67.8,55.1,67.8,45.7,2.89,42,54.0,12.0,1,Poor,78.6,1,0
STU0707,67.9,50.5,55.7,45.2,49.0,2.5,28,54.0,0.0,7,Fair,95.9,1,0
STU0735,89.5,65.5,66.1,66.0,58.7,2.69,42,63.8,41.0,10,Excellent,100.0,1,0
STU0392,67.5,78.5,70.0,41.1,76.6,2.18,32,132.7,19.0,3,Fair,82.2,1,0
STU0497,64.1,44.8,39.9,45.6,21.6,1.43,34,20.7,3.0,11,Poor,63.3,0,1
STU0651,100.0,86.0,75.7,100.0,78.1,3.8,63,139.1,13.0,0,Excellent,63.6,1,0
STU0287,95.7,58.8,72.4,48.6,54.2,2.46,31,65.9,36.0,9,Fair,80.6,1,0
STU0943,79.8,62.6,69.1,58.3,63.9,3.15,64,36.9,23.0,10,Fair,96.4,1,0
STU0760,100.0,72.3,76.2,46.2,59.4,1.7,38,83.7,25.0,9,Excellent,63.7,1,0
STU0658,80.4,54.2,56.6,86.6,62.9,2.63,22,87.4,42.0,7,Good,79.6,1,0
STU0987,57.2,49.3,48.0,26.4,40.2,1.82,16,56.0,29.0,11,Poor,69.5,0,1
STU0971,80.5,60.4,68.9,38.0,51.9,2.65,43,89.4,12.0,8,Poor,81.4,1,0
STU0545,74.4,73.6,59.5,54.0,62.0,2.49,60,42.7,17.0,9,Good,64.0,1,0
STU0255,81.0,57.0,69.4,52.9,44.6,2.79,36,33.3,25.0,8,Poor,82.0,1,1
STU0612,72.3,67.0,73.2,55.3,88.9,2.54,38,83.7,6.0,6,Poor,80.3,1,0
STU0245,100.0,100.0,93.0,98.8,98.1,4.0,70,101.9,50.0,1,Excellent,88.7,1,0
STU0754,100.0,88.1,88.6,100.0,75.2,4.0,57,,25.0,0,Excellent,100.0,1,0
STU0959,73.8,63.7,64.6,53.4,66.9,2.14,39,41.6,22.0,14,Good,91.1,1,0
STU0753,63.9,47.6,36.2,43.6,48.3,2.48,57,61.5,12.0,10,Fair,49.5,0,1
STU0688,83.6,87.5,78.8,88.6,65.0,3.95,52,37.3,28.0,4,Excellent,100.0,1,0
STU0788,72.7,50.6,60.1,58.5,55.7,2.22,63,,38.0,11,Fair,88.3,1,0
STU0016,63.5,46.7,54.1,41.3,42.9,2.03,48,40.5,7.0,9,Poor,67.3,1,1
STU0902,95.5,75.9,51.6,70.5,61.7,2.59,22,70.5,31.0,7,Fair,94.1,1,0
STU0816,84.2,66.4,61.9,56.9,33.6,2.68,39,79.4,13.0,6,Fair,52.8,0,1
STU0489,65.7,57.6,65.2,49.3,50.1,1.84,22,55.4,28.0,12,Fair,72.8,1,0
STU0676,77.7,57.6,70.5,89.9,82.1,2.66,43,,4.0,6,Good,70.8,0,0
STU0984,75.4,73.5,74.2,55.6,96.2,3.3,54,76.0,17.0,5,Good,79.4,1,0
STU0221,93.8,62.7,61.1,74.8,76.3,2.85,22,47.1,39.0,7,Poor,88.8,0,0
STU0195,66.5,67.1,51.3,43.0,56.8,2.54,44,0.0,4.0,9,Poor,64.6,0,1
STU0934,97.7,97.8,92.3,98.9,94.0,3.55,57,105.4,20.0,2,Excellent,89.1,1,0
STU0871,82.5,76.6,49.8,65.4,48.3,2.87,66,46.8,18.0,7,Fair,98.3,1,0
STU0429,81.0,53.3,46.3,62.8,33.0,2.24,50,5.6,16.0,9,Poor,68.6,1,0
STU0619,86.5,60.6,48.7,56.0,84.1,2.32,35,14.3,32.0,7,Poor,74.4,0,0
STU0962,99.4,62.6,64.3,79.0,69.4,2.23,49,57.3,20.0,3,Excellent,65.7,1,0
STU0944,95.4,64.2,74.8,87.4,69.6,2.34,79,58.2,34.0,4,Excellent,96.2,1,0
STU0970,92.2,72.8,63.1,49.1,64.0,3.2,27,89.6,41.0,7,Poor,100.0,1,0
STU0403,88.6,75.0,75.4,64.8,64.0,2.64,46,63.7,25.0,5,Excellent,72.6,1,0
STU0649,72.8,66.7,67.6,79.9,64.0,2.18,38,29.4,23.0,3,Good,82.8,1,0
STU0494,84.7,63.3,61.6,70.7,54.1,2.71,57,73.5,23.0,5,Good,64.9,1,0
STU0505,55.9,25.8,38.4,18.5,0.0,1.05,0,5.4,4.0,15,Poor,59.1,0,1
STU0010,77.4,57.9,58.4,57.1,59.7,2.29,8,2.0,22.0,10,Poor,73.2,1,0
STU0127,100.0,99.2,100.0,82.4,97.0,3.62,77,75.3,27.0,1,Excellent,91.5,1,0
STU0602,72.7,67.6,68.8,81.4,49.8,2.8,47,68.1,5.0,8,Poor,60.0,0,1
STU0948,62.2,20.6,31.6,0.0,13.8,0.73,2,0.0,0.0,14,Poor,57.1,0,1
STU0573,98.2,72.1,79.4,69.3,67.5,2.25,18,60.7,19.0,4,Good,78.7,1,0
STU0496,69.7,69.3,94.1,74.5,57.1,3.29,50,97.8,23.0,7,Good,100.0,1,0
STU0582,66.1,49.7,57.8,68.3,49.8,2.19,32,11.9,19.0,11,Poor,83.9,0,1
STU0361,90.4,61.0,75.3,58.0,61.0,2.39,29,49.9,1.0,6,Good,74.9,1,0
STU0359,84.7,51.5,63.5,35.8,38.5,2.02,61,55.7,24.0,6,Fair,59.1,1,0
STU0011,72.5,67.6,62.2,100.0,78.7,3.41,58,119.1,37.0,6,Excellent,73.5,1,0
STU0638,73.0,59.3,47.7,60.3,26.5,2.44,38,27.4,30.0,5,Poor,80.9,0,1
STU0998,71.6,66.8,85.4,59.9,71.2,3.28,21,66.5,42.0,9,Excellent,68.2,1,0
STU0457,92.0,98.4,84.9,80.0,69.2,2.59,65,71.5,39.0,3,Fair,100.0,1,0
STU0466,64.5,60.4,50.5,78.9,58.2,2.57,45,101.1,20.0,5,Fair,84.2,1,0
STU0075,83.1,60.5,65.2,78.3,45.6,3.16,74,49.7,11.0,7,Fair,98.5,1,0
STU0045,89.8,61.4,52.0,65.2,48.5,1.97,36,66.8,18.0,5,Good,78.9,1,0
STU0632,100.0,92.5,84.7,100.0,82.0,4.0,94,154.2,27.0,0,Excellent,83.8,1,0
STU0191,94.8,100.0,90.2,69.8,100.0,3.64,71,80.6,31.0,0,Excellent,92.2,1,0
STU0882,87.2,89.7,82.4,92.1,78.6,3.04,52,86.1,44.0,1,Excellent,100.0,1,0
STU0997,84.8,78.4,61.3,84.6,67.6,3.15,28,74.9,44.0,5,Good,100.0,1,0
STU0059,70.9,55.7,47.2,40.0,51.9,2.2,53,42.4,6.0,6,Poor,93.2,0,0
STU0343,87.9,70.4,45.4,82.3,59.2,2.73,26,57.8,37.0,3,Good,81.3,1,0
STU0890,75.6,48.2,39.6,26.7,45.4,1.63,13,10.1,21.0,15,Poor,75.1,0,1
STU0257,73.3,77.8,71.2,59.8,43.8,3.06,55,68.6,23.0,1,Good,100.0,1,0
STU0076,61.3,76.8,59.7,61.1,60.0,3.04,38,63.9,1.0,0,Excellent,61.9,0,0
STU0199,73.5,77.8,61.0,73.2,32.4,2.44,27,118.2,,6,Fair,70.8,1,0
STU0875,51.8,32.9,41.3,17.3,13.3,1.16,18,47.5,0.0,14,Poor,65.9,0,1
STU0940,87.9,70.8,66.6,91.8,61.3,3.34,36,40.6,48.0,9,Excellent,100.0,1,0
STU0440,99.0,80.5,67.0,90.5,53.8,3.05,46,75.7,20.0,8,Fair,100.0,1,0
STU0583,80.0,66.6,58.7,57.5,55.9,3.01,25,76.0,13.0,4,Fair,88.4,0,0
STU0682,71.4,65.9,68.5,77.1,70.9,3.66,59,71.5,46.0,5,Good,95.0,1,0
STU0462,83.2,49.4,41.2,31.5,44.1,2.14,34,53.0,9.0,12,Poor,73.6,0,1
STU0832,97.1,86.8,90.6,100.0,60.2,3.58,59,113.6,23.0,0,Excellent,100.0,1,0
STU0354,82.5,79.4,74.5,63.5,53.8,2.81,34,81.3,,8,Good,91.0,1,0
STU0740,50.7,37.7,48.6,21.6,20.2,1.81,23,44.5,0.0,13,Poor,69.5,0,1
STU0823,94.0,60.7,55.1,42.8,58.4,2.06,24,17.9,12.0,6,Poor,74.4,0,0
STU0446,84.9,49.1,68.7,34.9,19.9,1.59,35,47.7,17.0,13,Poor,82.8,1,0
STU0687,96.3,72.0,56.7,58.3,55.8,3.62,33,85.4,13.0,4,Good,93.0,1,0
STU0581,39.8,44.2,25.2,32.6,13.4,1.46,0,0.0,8.0,11,Poor,74.3,1,1
STU0589,76.6,61.2,68.6,54.9,40.8,2.71,55,67.9,20.0,10,Good,70.9,1,0
STU0981,100.0,73.4,67.8,71.9,74.5,2.64,54,37.5,31.0,8,Good,74.3,1,0
STU0634,50.2,40.7,39.8,30.4,10.8,1.91,33,25.3,37.0,12,Poor,59.8,0,1
STU0205,61.9,34.1,48.1,35.4,42.2,0.94,35,10.9,22.0,12,Poor,58.3,0,1
STU0071,58.7,47.8,44.6,52.2,34.5,1.78,50,59.2,18.0,11,Poor,74.2,0,1
STU0914,96.8,34.6,35.4,35.8,34.3,2.25,42,61.7,22.0,8,Poor,57.1,0,1
STU0208,62.3,43.1,52.3,46.6,49.8,1.63,28,68.6,28.0,12,Poor,81.2,1,0
STU0055,75.8,48.9,60.7,48.5,58.4,2.4,32,64.8,27.0,11,Poor,89.6,1,0
STU0485,87.1,71.5,61.4,70.6,,2.9,43,50.0,11.0,8,Fair,77.8,1,0
STU0360,71.3,62.1,75.4,60.8,81.9,2.52,42,46.1,36.0,2,Good,89.7,1,0
STU0503,100.0,67.2,63.4,57.8,29.8,1.87,23,16.6,9.0,9,Poor,69.9,1,1
STU0993,94.4,91.2,84.0,84.3,82.2,3.72,57,82.4,20.0,4,Excellent,100.0,1,0
STU0152,63.7,60.2,57.2,34.6,,2.05,27,37.6,23.0,12,Poor,81.0,0,1
STU0215,85.7,40.5,51.3,68.3,51.9,2.66,20,19.1,21.0,5,Fair,68.6,1,0
STU0048,77.7,73.2,70.2,70.6,55.4,2.41,31,155.6,4.0,7,Good,93.7,1,0
STU0320,80.2,60.2,46.4,52.6,78.3,2.09,35,0.0,16.0,15,Poor,69.1,0,1
STU0253,100.0,82.1,89.8,70.1,94.7,4.0,55,111.2,53.0,4,Excellent,87.0,1,0
STU0885,68.9,35.7,49.9,35.5,46.2,2.32,36,53.5,10.0,13,Poor,59.3,1,1
STU0144,83.0,65.1,69.8,68.1,58.6,3.17,59,76.7,19.0,11,Poor,96.3,1,0
STU0989,71.6,55.6,61.4,70.8,47.4,2.55,24,75.1,21.0,5,Good,79.2,1,1
STU0758,76.6,95.3,76.2,58.6,84.6,3.05,69,123.4,39.0,2,Fair,93.4,0,0
STU0597,74.0,61.8,67.9,48.1,45.5,2.3,36,93.6,20.0,5,Fair,78.1,1,1
STU0845,78.9,57.2,58.6,64.0,60.7,3.23,62,46.4,15.0,9,Good,95.2,1,0
STU0137,73.2,70.6,69.0,80.9,82.3,2.97,31,57.9,13.0,3,Fair,76.6,1,0
STU0635,79.0,64.2,69.5,54.3,57.8,2.48,29,69.9,19.0,11,Good,91.7,0,0
STU0176,85.0,55.4,65.5,42.5,55.3,2.68,27,71.4,1.0,5,Excellent,100.0,0,0
STU0950,55.8,34.6,29.7,5.8,8.0,1.77,14,0.0,0.0,15,Poor,65.5,0,1
STU0610,79.6,69.9,57.5,68.6,62.5,3.11,35,,24.0,7,Good,87.6,1,0
STU0094,75.1,66.4,69.4,50.4,42.2,2.61,42,14.0,15.0,3,Fair,75.7,1,0
STU0206,64.3,60.0,59.8,56.2,54.8,2.54,36,53.6,13.0,8,Poor,72.8,0,1
STU0247,62.6,48.4,35.6,34.4,43.2,3.18,32,35.1,13.0,11,Poor,57.4,1,0
STU0139,97.6,91.2,89.8,97.4,79.8,3.54,72,73.7,38.0,7,Excellent,100.0,1,0
STU0175,86.6,48.7,50.7,51.2,23.4,2.67,33,99.0,22.0,6,Poor,90.0,1,0
STU0419,99.3,72.9,67.7,61.6,62.6,2.52,55,79.2,0.0,7,Fair,78.9,0,0
STU0910,94.6,55.5,55.0,26.9,39.5,2.54,3,35.2,0.0,9,Poor,42.9,1,1
STU0935,98.2,59.2,59.9,70.4,59.2,2.27,68,74.0,24.0,4,Excellent,98.9,1,0
STU0333,72.2,63.9,57.0,27.9,67.0,2.37,65,52.7,13.0,11,Fair,72.3,0,1
STU0483,78.4,68.1,66.1,74.1,66.2,2.71,46,62.6,21.0,8,Fair,85.2,1,0
STU0840,76.9,54.4,59.6,53.9,58.5,1.97,45,70.1,11.0,7,Fair,77.3,1,1
STU0724,53.6,61.9,46.7,49.5,28.9,2.94,20,54.6,0.0,8,Poor,44.7,0,1
STU0574,61.4,54.2,53.8,46.6,49.4,2.37,17,32.5,15.0,15,Poor,80.3,1,1
STU0859,86.0,44.0,36.7,27.0,19.2,1.98,13,5.2,0.0,12,Poor,62.8,1,1
STU0377,61.4,67.8,65.1,65.4,35.8,2.53,14,40.5,22.0,6,Good,68.4,1,0
STU0481,80.9,72.5,82.0,58.4,65.6,3.01,42,59.4,26.0,9,Poor,96.5,1,0
STU0474,72.6,50.3,70.5,70.4,73.7,2.62,65,95.0,26.0,6,Good,77.1,1,0
STU0893,63.5,51.6,57.3,26.8,37.7,3.12,20,38.0,19.0,11,Fair,74.7,1,1
STU0383,73.9,42.6,30.0,59.5,37.9,1.53,43,38.7,28.0,14,Poor,69.5,1,1
STU0769,87.2,42.0,55.1,52.9,17.8,1.91,20,48.4,17.0,8,Poor,74.4,0,1
STU0655,90.5,71.7,69.9,77.3,70.9,2.78,32,131.7,34.0,4,Good,95.9,1,0
STU0278,87.4,64.5,66.6,19.0,37.0,1.87,24,15.8,5.0,12,Poor,69.9,1,1
STU0727,94.6,62.1,58.2,68.0,59.6,2.21,64,63.2,25.0,6,Fair,82.9,1,0
STU0703,58.5,53.7,58.1,36.6,17.9,2.29,30,57.8,3.0,7,Poor,44.7,0,1
STU0213,91.2,64.9,75.0,69.9,66.7,2.47,51,85.0,20.0,12,Fair,85.4,0,0
STU0318,69.4,59.9,58.3,42.5,40.1,2.73,0,33.9,16.0,5,Poor,74.7,0,0
STU0135,75.1,45.6,38.2,32.6,20.3,1.65,33,7.5,0.0,10,Poor,65.5,1,1
STU0599,73.1,81.8,48.7,43.3,78.5,2.88,47,54.3,27.0,9,Poor,80.4,1,0
STU0005,33.6,40.7,26.9,28.6,44.4,1.66,21,55.8,14.0,12,Poor,56.3,0,1
STU0065,100.0,70.1,68.8,68.2,73.4,2.94,55,,18.0,3,Good,100.0,1,0
STU0066,91.7,75.8,71.0,72.9,77.9,3.21,43,100.9,34.0,6,Excellent,95.4,0,0
STU0225,82.1,60.0,54.2,65.4,51.6,3.05,56,57.6,18.0,12,Good,74.4,1,0
STU0232,84.3,49.3,46.2,70.3,58.1,1.77,34,53.9,17.0,9,Fair,90.4,1,0
STU0863,95.9,76.5,55.2,45.9,66.7,2.25,36,63.0,14.0,8,Good,70.2,1,0
STU0353,96.6,48.2,55.8,62.3,50.5,2.68,47,41.2,0.0,6,Fair,52.4,0,0
STU0862,55.1,38.6,51.4,47.9,42.2,2.28,31,0.0,11.0,12,Poor,57.5,1,1
STU0435,92.8,80.0,72.0,59.6,99.6,2.83,57,97.7,10.0,5,Excellent,79.6,1,0
STU0978,82.6,62.4,56.9,51.8,59.3,2.23,40,36.7,18.0,10,Good,71.9,1,0
STU0522,80.5,32.5,68.4,48.2,48.0,2.39,18,35.5,27.0,8,Poor,79.5,0,1
STU0664,76.9,75.9,46.0,59.6,44.1,2.56,46,41.9,0.0,13,Good,69.5,1,1
STU0292,97.2,64.5,75.1,66.6,41.1,2.42,66,70.1,30.0,3,Fair,74.2,1,0
STU0160,80.2,39.3,42.1,34.8,44.8,1.26,25,72.8,20.0,12,Poor,57.3,1,1
STU0937,63.4,50.8,33.3,58.1,42.8,1.62,5,38.9,9.0,9,Poor,66.2,1,1
STU0432,87.2,64.7,77.9,85.0,45.6,3.02,51,45.8,25.0,7,Fair,100.0,1,0
STU0945,85.0,66.7,65.3,80.2,61.8,3.24,33,74.9,,6,Good,83.9,1,0
STU0345,85.7,78.8,89.7,67.6,79.2,3.51,36,80.5,,4,Excellent,100.0,1,0
STU0234,100.0,82.4,91.7,89.5,97.8,4.0,58,27.4,41.0,3,Excellent,85.7,1,0
STU0851,90.0,56.2,57.3,62.7,48.7,2.8,55,64.2,29.0,11,Poor,87.3,1,0
STU0421,81.5,65.5,47.4,62.5,75.6,3.03,47,42.3,28.0,8,Fair,86.4,1,0
STU0456,75.8,67.2,65.7,53.2,93.8,2.94,49,82.5,17.0,6,Good,88.5,1,0
STU0460,89.8,68.5,45.4,69.9,61.3,2.95,47,103.9,34.0,5,Good,82.1,1,0
STU0186,80.3,75.0,81.6,67.6,90.1,3.57,43,68.0,28.0,3,Excellent,100.0,1,0
STU0106,80.9,68.9,55.9,58.5,65.6,2.25,15,69.0,0.0,10,Fair,79.5,0,0
STU0120,74.5,55.0,67.1,42.4,45.4,2.75,50,36.1,23.0,8,Fair,63.9,1,0
STU0726,71.0,85.8,77.2,99.6,98.5,3.52,69,44.0,28.0,0,Excellent,100.0,1,0
STU0498,86.7,52.4,39.2,68.9,25.3,2.67,66,103.8,17.0,8,Poor,82.6,1,1
STU0023,90.5,85.2,78.8,84.2,62.1,3.18,67,140.7,31.0,2,Excellent,86.8,1,0
STU0644,72.1,73.4,56.5,55.8,61.7,3.36,18,78.4,24.0,0,Fair,74.7,1,0
STU0436,77.6,57.5,47.1,58.2,59.7,2.08,47,30.1,9.0,12,Fair,51.3,1,1
STU0170,100.0,62.6,57.0,46.1,64.9,3.41,36,85.2,17.0,6,Fair,100.0,1,0
STU0507,97.2,80.6,100.0,95.1,100.0,3.8,67,100.6,42.0,6,Excellent,82.7,1,0
STU0510,89.2,73.1,65.8,55.5,74.8,3.05,43,99.6,33.0,8,Fair,77.9,1,0
STU0119,90.6,89.6,84.2,75.1,77.0,3.28,42,90.6,56.0,2,Excellent,93.1,1,0
STU0600,77.7,34.4,51.0,51.1,53.4,1.56,17,0.0,13.0,11,Poor,78.1,1,0
STU0017,94.6,71.2,67.2,59.0,84.9,2.53,55,58.5,26.0,6,Good,100.0,1,0
STU0892,72.2,52.5,60.1,35.7,30.4,2.94,45,58.8,16.0,7,Poor,72.2,1,1
STU0187,84.9,65.9,64.1,52.0,67.3,2.97,69,80.2,31.0,8,Fair,77.2,1,0
STU0826,93.0,71.8,62.3,58.4,51.0,2.84,26,142.2,15.0,4,Poor,83.2,0,0
STU0261,73.2,70.9,38.7,58.7,58.7,2.7,17,72.4,,6,Fair,81.7,1,0
STU0706,72.2,68.5,49.7,43.6,49.9,2.19,24,50.2,8.0,5,Poor,69.3,0,0
STU0964,84.6,62.7,55.1,53.9,50.8,2.57,19,87.9,36.0,6,Good,68.9,0,0
STU0792,66.0,49.7,47.0,60.8,0.0,1.97,48,57.4,0.0,6,Poor,53.1,1,1
STU0722,100.0,69.5,88.1,86.3,66.4,3.55,88,62.1,42.0,3,Good,95.2,1,0
STU0683,78.4,78.0,87.0,81.4,72.2,3.21,77,86.4,31.0,1,Good,92.8,1,0
STU0514,78.8,48.9,69.2,72.6,47.8,2.39,32,52.8,12.0,8,Good,84.1,0,0
STU0179,53.9,67.4,67.0,66.7,29.7,1.98,38,50.3,24.0,11,Fair,89.4,1,0
STU0616,75.3,53.6,41.5,52.1,58.8,1.81,22,88.2,18.0,10,Poor,63.3,0,1
STU0349,73.2,52.8,57.5,43.7,37.4,1.96,11,24.7,26.0,12,Poor,75.2,0,1
STU0210,71.8,64.0,55.1,49.4,48.9,2.0,56,44.1,17.0,10,Good,80.5,1,0
STU0855,79.3,73.4,58.9,66.3,60.7,2.51,72,80.2,10.0,5,Fair,80.8,1,0
STU0899,75.0,68.6,61.0,60.5,71.1,3.07,46,110.8,25.0,9,Fair,84.7,0,0
STU0930,83.7,72.8,61.1,53.1,74.0,2.75,33,,23.0,4,Poor,100.0,1,0
STU0230,77.2,66.8,62.0,39.3,65.9,2.38,40,45.6,21.0,4,Fair,91.4,1,0
STU0088,88.2,53.8,58.9,50.3,36.9,2.4,51,46.9,20.0,5,Good,75.5,0,0
STU0605,82.5,55.2,66.0,52.3,46.7,2.27,51,74.8,15.0,7,Poor,70.8,1,0
STU0637,76.1,49.4,57.8,55.0,14.9,2.7,43,38.1,9.0,7,Fair,100.0,1,0
STU0526,88.0,68.9,63.8,73.2,36.0,1.91,32,78.3,,11,Fair,96.9,0,1
STU0520,97.8,71.7,67.1,93.3,64.1,3.2,67,82.5,44.0,6,Excellent,79.6,1,0
STU0007,72.1,73.0,63.7,39.2,57.0,2.14,45,77.0,37.0,6,Good,64.9,1,0
STU0593,100.0,88.3,89.1,100.0,93.1,3.98,65,108.9,48.0,4,Excellent,100.0,1,0
STU0838,88.6,82.5,82.2,80.8,70.0,3.17,53,,40.0,4,Excellent,100.0,1,0
STU0538,79.9,67.4,62.2,74.2,82.4,2.51,84,100.5,29.0,1,Excellent,97.2,1,0
STU0426,92.6,54.1,68.9,60.1,62.4,2.23,45,107.7,8.0,9,Poor,62.4,1,0
STU0092,67.2,64.8,67.5,51.5,58.1,2.76,97,64.9,19.0,6,Fair,61.9,1,0
STU0444,92.0,94.7,85.5,76.3,68.2,3.36,62,53.9,19.0,7,Excellent,81.5,1,0
STU0123,92.4,62.9,58.4,72.6,49.7,2.66,37,49.4,15.0,6,Fair,65.2,1,0
STU0173,73.8,59.2,54.8,65.9,52.2,2.25,32,58.6,13.0,9,Poor,74.8,0,1
STU0264,69.5,55.2,54.6,72.0,60.8,2.53,37,14.8,2.0,11,Poor,73.0,0,1
STU0696,63.1,59.1,62.2,39.8,50.4,2.99,42,57.5,25.0,7,Poor,87.3,1,0
STU0723,54.6,31.0,20.0,38.0,19.6,1.4,20,0.0,7.0,11,Poor,69.1,0,1
STU0624,79.3,67.3,57.5,64.3,59.5,1.72,46,62.5,25.0,12,Fair,81.4,0,0
STU0958,100.0,85.5,90.9,100.0,69.5,4.0,83,168.6,39.0,0,Excellent,100.0,1,0
STU0797,86.5,76.3,80.0,56.0,80.5,3.99,71,96.0,25.0,8,Excellent,85.0,0,0
STU0219,88.7,54.4,55.3,85.5,78.7,2.87,52,63.0,24.0,5,Fair,80.6,1,0
STU0739,60.5,38.4,65.7,28.6,42.0,1.14,15,18.4,0.0,15,Poor,68.1,1,1
STU0879,80.1,76.1,54.3,43.8,64.0,3.04,34,36.7,24.0,6,Fair,72.3,1,0
STU0138,67.7,77.2,80.7,86.4,75.9,3.27,62,75.2,27.0,4,Excellent,83.8,1,0
STU0752,76.9,57.2,55.9,48.9,57.2,2.6,38,95.8,0.0,8,Poor,82.5,1,0
STU0121,91.8,56.3,55.7,49.7,33.2,2.15,33,52.9,3.0,7,Fair,81.1,1,0
STU0240,70.9,71.5,53.9,39.2,58.3,2.29,38,56.4,24.0,9,Fair,74.8,0,1
STU0803,82.9,68.0,75.0,63.5,64.7,3.08,43,78.6,19.0,5,Poor,84.3,1,0
STU0487,73.3,62.9,54.6,58.1,67.8,2.89,31,22.4,16.0,6,Fair,81.6,1,0
STU0115,86.0,67.8,68.3,65.5,49.7,3.27,53,87.6,13.0,5,Poor,65.7,1,0
STU0428,85.2,95.7,78.5,93.1,70.2,3.63,64,94.5,36.0,4,Excellent,94.5,1,0
STU0983,78.6,69.2,64.0,60.2,40.7,2.7,15,41.1,21.0,3,Fair,85.2,1,0
STU0922,59.0,62.9,54.6,44.2,55.0,2.77,40,,17.0,7,Poor,88.6,1,1
STU0461,96.7,77.8,55.4,66.9,69.3,3.02,38,78.5,28.0,3,Good,90.0,1,0
STU0398,70.4,67.5,64.1,61.3,56.9,3.19,52,41.3,27.0,5,Excellent,96.0,0,0
STU0251,75.0,69.0,49.3,69.3,49.3,2.41,28,86.7,11.0,7,Good,68.1,1,0
STU0128,75.2,49.8,44.0,48.1,34.8,2.48,46,38.6,18.0,9,Poor,62.7,0,1
STU0034,77.6,59.3,49.7,53.1,52.9,2.18,35,77.1,35.0,15,Poor,70.8,0,1
STU0110,58.2,50.3,44.2,25.3,30.0,1.91,10,26.1,13.0,14,Poor,74.2,0,1
STU0531,74.8,65.7,69.0,74.3,64.7,2.2,47,61.2,29.0,9,Fair,75.9,1,0
STU0572,92.9,63.4,67.9,69.4,79.2,2.49,48,9.6,13.0,8,Fair,90.1,0,0
STU0164,68.8,43.3,58.8,56.8,27.5,2.26,42,38.8,0.0,12,Poor,79.7,0,1
STU0744,79.1,31.3,24.7,40.7,26.4,1.86,1,32.2,13.0,13,Poor,71.5,1,0
STU0861,72.1,58.5,38.0,31.7,21.6,2.53,52,47.3,15.0,5,Fair,60.9,0,1
STU0084,66.6,61.5,59.8,49.0,47.7,2.36,21,103.5,19.0,5,Fair,90.1,0,1
STU0231,67.9,42.6,49.8,33.7,49.2,2.15,31,45.4,23.0,9,Poor,65.8,0,1
STU0912,78.6,75.2,84.8,96.0,72.3,2.94,25,51.4,28.0,6,Excellent,83.4,1,0
STU0908,69.9,50.6,47.9,29.3,24.8,1.64,0,69.8,12.0,6,Poor,54.6,1,1
STU0982,61.6,41.6,58.5,35.0,35.5,2.33,26,64.7,7.0,15,Poor,71.8,1,1
STU0280,61.8,67.7,48.3,60.1,51.0,3.49,51,62.5,34.0,10,Good,99.2,1,0
STU0439,82.9,47.5,64.1,47.8,29.7,2.4,48,75.4,6.0,11,Poor,68.2,1,1
STU0611,46.7,54.9,35.6,53.2,42.7,2.4,60,7.8,10.0,6,Poor,72.7,1,1
STU0001,86.0,69.5,62.6,80.6,67.5,2.73,50,70.5,25.0,6,Fair,68.2,1,0
STU0576,67.1,37.0,49.0,16.4,39.0,1.82,30,51.9,5.0,11,Poor,67.6,0,1
STU0669,75.2,61.5,56.5,32.3,74.2,2.14,30,69.1,35.0,11,Poor,89.4,1,0
STU0556,78.9,57.0,55.9,53.4,74.9,2.54,24,71.5,9.0,4,Poor,82.2,1,0
STU0384,58.0,48.4,43.3,34.2,28.7,2.09,16,41.0,30.0,11,Poor,66.5,1,1
STU0499,67.6,45.8,34.2,28.4,28.3,1.81,39,52.0,26.0,15,Poor,58.9,0,1
STU0924,86.3,67.6,50.3,60.4,32.2,1.91,40,65.9,7.0,9,Poor,57.8,1,0
STU0057,73.2,63.6,55.3,51.6,65.6,2.4,30,,10.0,8,Good,100.0,1,0
STU0915,73.6,88.4,78.1,49.0,,3.38,69,92.0,40.0,5,Excellent,78.7,1,0
STU0819,84.8,73.4,73.1,83.8,71.2,2.95,43,60.1,34.0,3,Good,91.1,1,0
STU0410,62.8,53.3,42.6,41.1,14.9,2.11,25,0.0,14.0,10,Poor,74.2,0,1
STU0515,68.8,62.8,73.6,77.1,73.6,2.94,64,65.2,12.0,5,Excellent,100.0,1,0
STU0785,77.4,71.7,66.6,83.1,60.1,2.64,38,111.2,31.0,6,Fair,69.7,0,0
STU0249,100.0,100.0,97.4,100.0,100.0,4.0,95,150.9,31.0,0,Excellent,100.0,1,0
STU0554,98.1,89.5,68.7,71.1,98.3,3.55,80,88.6,45.0,3,Excellent,100.0,1,0
STU0431,62.6,50.3,36.8,26.1,40.6,1.55,31,19.5,23.0,5,Poor,65.0,1,1
STU0681,94.2,64.6,83.9,65.7,93.9,2.91,54,73.2,24.0,5,Good,86.9,1,0
STU0626,75.1,68.1,55.2,77.3,55.0,2.79,46,76.2,33.0,6,Good,78.3,1,0
STU0665,73.1,74.5,58.2,57.8,90.4,2.96,49,46.2,14.0,4,Poor,75.8,1,0
STU0877,72.1,71.7,51.0,47.3,71.0,2.47,46,34.7,16.0,3,Poor,78.0,1,0
STU0853,89.0,75.4,86.2,58.4,100.0,3.38,36,64.6,28.0,2,Good,100.0,0,0
STU0054,98.0,81.4,84.9,55.3,46.5,2.22,46,68.1,,11,Good,100.0,1,0
STU0661,85.4,63.1,33.6,35.8,9.1,1.85,17,28.8,,9,Poor,58.3,0,1
STU0721,95.3,73.1,63.4,60.1,21.7,2.65,20,95.1,28.0,4,Excellent,66.5,1,0
STU0916,83.0,56.7,94.4,75.4,80.0,3.4,54,58.6,18.0,4,Excellent,87.7,1,0
STU0543,90.0,71.1,63.1,62.9,39.1,3.0,41,66.7,22.0,10,Good,80.4,0,0
STU0313,97.5,83.3,96.2,85.1,89.2,3.78,76,68.6,32.0,1,Excellent,98.9,1,0
STU0874,80.2,57.3,46.7,47.4,44.5,2.69,50,50.5,30.0,12,Fair,76.8,1,0
STU0525,95.7,80.9,96.9,71.0,96.4,3.37,81,82.7,37.0,6,Excellent,89.3,1,0
STU0821,75.4,42.9,43.4,65.3,44.7,2.25,47,41.4,20.0,7,Fair,78.9,0,1
STU0886,85.2,71.9,69.2,66.0,59.4,3.35,71,26.9,21.0,9,Excellent,67.9,1,0
STU0207,87.5,49.3,48.8,54.1,44.8,1.67,16,21.5,,6,Poor,90.9,1,0
STU0273,85.5,61.7,67.5,57.4,62.5,2.38,79,38.2,15.0,6,Fair,64.6,1,0
STU0713,73.5,57.7,49.9,43.7,55.8,2.21,46,10.2,23.0,15,Poor,91.4,1,0
STU0250,72.9,38.3,59.4,45.7,58.1,1.7,31,123.8,18.0,8,Poor,66.4,1,1
STU0972,94.3,62.2,61.2,62.0,38.8,2.65,22,88.2,0.0,8,Fair,87.6,1,0
STU0162,68.1,53.7,45.8,56.7,29.4,1.73,55,77.1,8.0,15,Poor,79.1,1,1
STU0122,92.6,68.4,65.5,65.9,71.6,2.25,57,14.2,19.0,8,Good,86.6,0,0
STU0317,81.0,65.2,61.2,60.1,68.1,2.95,50,49.5,34.0,1,Poor,69.0,1,0
STU0111,82.2,83.5,71.7,70.3,73.6,2.82,46,84.4,48.0,8,Fair,75.1,1,0
STU0719,58.7,66.3,68.1,61.2,56.8,2.82,57,67.3,9.0,3,Poor,78.6,0,1
STU0216,87.1,68.0,75.2,81.6,94.0,2.95,60,135.5,24.0,1,Excellent,74.3,1,0
STU0817,72.0,66.1,45.0,54.2,76.6,2.52,36,70.0,9.0,6,Poor,87.2,1,0
STU0298,78.8,55.9,51.8,54.7,44.1,2.43,34,82.2,7.0,6,Poor,76.7,1,0
STU0820,64.6,49.1,56.9,40.3,21.7,2.14,7,12.5,8.0,11,Poor,89.5,1,1
STU0166,78.3,47.4,63.4,51.5,47.6,1.91,46,57.0,4.0,9,Poor,84.2,0,1
STU0660,60.0,62.8,63.2,56.2,41.2,2.53,48,88.1,21.0,8,Poor,82.9,1,1
STU0767,100.0,57.4,47.6,73.4,47.6,2.53,49,56.0,25.0,6,Fair,90.4,1,0
STU0450,99.1,66.2,75.0,66.3,65.6,2.92,75,46.3,34.0,5,Excellent,86.5,1,0
STU0009,79.0,71.8,73.5,57.5,47.8,2.36,39,,4.0,5,Good,78.8,1,0
STU0508,86.0,71.3,71.4,72.9,53.3,2.46,27,65.6,35.0,8,Good,77.3,1,0
STU0729,89.1,51.8,65.9,47.3,43.8,2.42,33,7.5,1.0,6,Fair,80.5,0,1
STU0730,53.7,51.7,38.2,47.2,35.7,1.57,12,101.5,1.0,14,Poor,59.9,0,1
STU0516,69.5,72.2,61.9,62.5,77.3,2.7,19,0.0,4.0,6,Good,84.5,1,1
STU0675,100.0,75.0,70.9,57.2,76.8,2.99,50,110.8,25.0,5,Fair,90.8,1,0
STU0765,80.5,62.0,62.2,65.3,80.5,2.72,66,92.5,29.0,5,Excellent,100.0,1,0
STU0029,93.3,71.3,69.8,57.1,63.8,3.17,50,80.1,17.0,9,Excellent,83.6,1,0
STU0193,64.3,59.0,49.4,56.3,60.0,2.55,45,20.9,14.0,5,Poor,91.7,0,1
STU0995,87.0,65.3,57.3,66.6,62.7,2.25,41,43.6,26.0,6,Fair,75.0,0,0
STU0406,87.0,68.1,45.0,42.0,71.0,2.91,49,10.0,15.0,7,Excellent,77.3,1,0
STU0288,71.9,66.5,84.1,74.7,51.1,2.41,53,36.1,26.0,8,Fair,100.0,1,0
STU0321,74.3,70.1,76.2,53.5,63.0,3.32,61,97.6,27.0,1,Excellent,59.3,1,0
STU0677,100.0,100.0,100.0,84.2,100.0,3.38,31,118.3,41.0,1,Excellent,100.0,1,0
STU0732,80.5,66.5,52.0,70.3,56.2,2.69,42,65.4,0.0,6,Excellent,82.0,1,0
STU0625,78.2,73.7,63.7,67.3,90.9,2.74,32,68.4,10.0,8,Excellent,77.3,1,0
STU0586,95.3,79.0,95.9,100.0,99.0,3.8,83,102.6,44.0,4,Excellent,95.5,1,0
STU0073,80.7,52.2,34.2,28.4,41.3,2.81,12,57.3,17.0,9,Fair,70.3,1,0
STU0032,93.5,62.3,53.7,61.8,46.1,2.71,41,116.9,24.0,9,Fair,99.5,0,0
STU0849,44.0,53.7,61.6,60.8,37.4,2.46,39,22.0,17.0,9,Poor,58.7,0,1
STU0955,72.5,58.5,35.3,50.6,61.5,2.19,41,0.0,9.0,10,Poor,71.9,0,1
STU0174,58.0,42.1,37.3,43.1,28.5,1.64,26,25.5,3.0,12,Fair,66.1,1,1
STU0300,78.3,62.5,64.2,67.7,62.1,2.97,40,83.2,21.0,9,Excellent,86.8,1,0
STU0031,100.0,100.0,100.0,91.9,79.5,4.0,75,104.0,41.0,0,Excellent,100.0,1,0
STU0008,63.9,58.9,49.2,69.0,59.7,2.62,27,39.5,3.0,7,Fair,61.2,0,1
STU0155,98.2,70.9,64.4,52.9,49.2,2.85,46,73.2,23.0,3,Poor,100.0,1,0
STU0741,76.3,75.9,67.3,57.0,72.5,3.47,60,128.2,27.0,8,Good,84.8,1,0
STU0763,84.7,70.6,67.1,75.7,75.5,2.85,66,71.0,31.0,4,Fair,82.7,1,0
STU0791,81.7,43.0,67.4,44.1,23.9,2.63,11,59.3,23.0,7,Fair,70.8,1,0
STU0736,89.2,75.4,61.3,58.0,61.6,2.09,32,26.3,12.0,13,Good,72.7,1,0
STU0026,82.8,58.5,45.5,55.9,,1.54,46,27.5,13.0,7,Fair,97.7,1,0
STU0927,66.0,59.1,68.2,67.9,71.7,2.52,40,49.6,23.0,7,Good,81.6,0,1
STU0831,82.2,77.1,59.5,55.3,48.6,2.48,23,60.5,19.0,7,Good,100.0,1,0
STU0263,79.9,75.4,67.0,68.4,56.9,2.95,44,103.2,22.0,7,Good,98.7,0,0
STU0299,75.0,33.9,37.4,29.4,50.9,1.9,14,4.7,0.0,8,Poor,67.8,1,1
STU0424,69.7,58.0,41.3,27.1,24.8,1.82,41,53.3,19.0,7,Poor,72.1,1,1
STU0704,96.6,46.7,73.0,50.8,61.5,2.63,58,60.1,30.0,9,Fair,78.9,0,0
STU0904,100.0,85.6,77.2,82.1,88.4,3.57,69,101.6,34.0,4,Excellent,91.0,1,0
STU0570,70.3,55.7,69.5,74.0,68.0,2.82,34,59.1,29.0,8,Good,91.3,1,0
STU0979,87.9,60.2,40.5,48.7,49.6,1.68,0,34.5,0.0,6,Poor,79.4,1,0
STU0454,100.0,89.8,80.5,100.0,99.6,3.43,74,134.0,35.0,0,Excellent,83.1,1,0
STU0049,95.4,67.2,72.1,81.9,68.2,3.02,66,85.8,19.0,8,Good,92.4,1,0
STU0471,91.2,71.4,63.0,47.7,68.8,2.74,52,85.6,27.0,5,Excellent,88.5,1,0
STU0802,81.8,55.5,58.7,35.8,47.6,1.57,40,6.5,7.0,7,Fair,84.9,1,1
STU0400,81.9,45.6,59.8,44.5,30.6,2.68,44,48.2,23.0,9,Fair,76.9,1,0
STU0657,69.1,57.8,55.0,45.2,32.9,1.49,16,33.4,19.0,9,Poor,61.9,1,1
STU0537,64.4,65.0,48.7,64.2,38.0,2.04,40,48.7,8.0,9,Poor,100.0,1,1
STU0368,63.6,65.9,49.6,45.3,42.7,2.83,25,81.1,13.0,9,Poor,81.2,1,0
STU0774,90.5,97.2,77.7,87.8,90.5,3.78,37,101.2,31.0,2,Excellent,100.0,1,0
STU0741,76.3,75.9,67.3,57.0,72.5,3.47,60,128.2,27.0,8,Good,84.8,1,0
STU0809,85.9,62.2,61.7,55.0,46.2,2.28,43,61.8,11.0,9,Fair,81.5,0,0
STU0532,69.5,56.2,56.6,44.6,46.8,2.35,41,4.0,9.0,8,Fair,66.7,1,1
STU0305,90.4,63.2,65.6,97.1,58.1,3.15,22,44.5,17.0,4,Good,81.9,1,0
STU0020,78.9,70.3,66.7,35.7,58.2,2.93,31,46.1,19.0,10,Good,83.7,0,0
STU0390,72.5,40.3,45.6,33.7,55.7,1.78,44,33.4,18.0,9,Poor,69.2,1,1
STU0787,63.8,75.4,63.6,57.7,42.6,2.86,65,68.9,,3,Good,80.8,1,0
STU0267,86.7,61.3,70.3,30.3,51.3,2.21,63,12.2,28.0,2,Fair,77.9,1,0
STU0623,97.6,75.6,80.1,54.4,64.4,3.03,43,68.5,34.0,3,Fair,83.4,0,0
STU0303,86.4,82.1,48.5,85.2,64.3,3.47,60,88.4,14.0,6,Good,84.1,1,0
STU0147,70.3,61.8,47.2,61.8,49.8,2.87,34,39.5,14.0,5,Fair,96.8,1,0
STU0182,91.4,75.7,67.7,46.3,63.8,2.74,22,54.4,22.0,4,Good,89.0,0,0
STU0297,71.2,57.2,89.7,70.7,60.6,2.55,45,67.5,20.0,6,Good,83.0,1,0
STU0630,52.7,43.3,33.7,32.4,4.5,1.99,33,64.8,12.0,8,Poor,57.6,1,1
STU0362,100.0,78.3,58.6,39.6,69.9,2.91,42,54.5,16.0,7,Poor,81.6,1,0
STU0409,51.8,40.0,17.7,37.0,24.4,1.17,32,63.6,15.0,15,Poor,31.8,0,1
STU0695,68.6,45.3,65.7,64.0,43.4,2.43,43,31.0,14.0,7,Fair,85.4,1,1
STU0447,100.0,98.5,72.4,72.0,82.7,2.68,74,59.9,27.0,6,Excellent,95.1,1,0
STU0309,98.9,51.4,81.6,57.6,73.3,3.44,42,62.3,12.0,3,Fair,79.5,0,0
STU0533,88.5,68.0,59.8,70.0,74.7,2.39,41,26.8,35.0,11,Poor,61.0,1,0
STU0272,63.6,81.7,57.0,61.8,50.3,3.21,52,62.9,19.0,8,Excellent,93.9,0,0
STU0986,90.7,71.9,66.6,63.0,75.2,3.2,68,97.8,44.0,5,Good,90.4,1,0
STU0380,76.3,71.8,56.7,50.8,34.0,2.75,63,59.8,4.0,12,Poor,75.8,1,0
STU0917,91.6,79.7,94.4,78.7,60.9,3.46,67,46.5,31.0,2,Excellent,87.9,1,0
STU0151,73.2,65.4,60.5,61.9,51.2,3.13,46,,13.0,5,Good,76.2,0,0
STU0571,60.9,47.4,66.1,48.0,33.0,2.16,10,58.5,20.0,11,Poor,38.8,1,1
STU0012,95.0,87.6,88.3,68.4,75.6,2.63,28,50.0,25.0,8,Fair,82.7,1,0
STU0766,58.6,41.7,35.4,48.3,33.5,1.72,24,0.0,2.0,8,Poor,66.5,0,1
STU0002,71.1,46.6,44.5,53.7,53.0,1.97,47,13.2,22.0,8,Fair,63.0,0,0
STU0214,78.7,54.0,73.2,41.4,49.0,2.23,22,84.1,21.0,7,Fair,73.7,1,0
STU0364,71.8,59.1,54.6,34.0,33.3,1.95,22,24.7,14.0,10,Poor,88.3,1,1
STU0140,100.0,100.0,100.0,100.0,100.0,4.0,98,69.2,47.0,1,Excellent,100.0,1,0
STU0591,73.8,39.0,40.8,42.1,49.3,2.0,17,21.5,0.0,13,Poor,60.5,0,1
STU0558,69.3,58.8,58.2,50.4,47.5,2.26,42,38.7,7.0,8,Poor,92.1,0,1
STU0490,79.3,76.1,71.0,68.1,66.2,2.76,25,44.3,22.0,7,Good,87.0,1,0
STU0711,92.8,61.2,62.4,66.4,64.3,2.95,23,18.0,23.0,7,Fair,76.1,1,0
STU0841,100.0,86.1,84.3,73.0,93.8,3.49,37,92.1,32.0,3,Excellent,100.0,1,0
STU0327,65.6,47.9,24.2,44.4,45.9,2.49,20,50.5,21.0,10,Fair,76.9,0,1
STU0548,88.8,46.5,69.1,58.5,58.0,2.44,60,0.0,20.0,11,Fair,71.2,1,0
STU0511,60.4,46.3,38.9,43.7,29.1,1.93,7,,3.0,12,Poor,80.6,1,1
STU0858,100.0,79.9,69.2,67.5,57.9,2.88,60,81.9,31.0,6,Good,87.0,1,0
STU0097,79.0,61.4,55.0,57.1,43.7,2.3,23,30.0,21.0,11,Poor,55.4,1,1
STU0358,90.8,65.5,69.2,58.8,58.9,2.78,70,34.7,,5,Excellent,81.1,1,0
STU0412,60.7,53.5,49.2,1.7,17.6,1.82,24,28.4,4.0,14,Poor,51.1,0,1
STU0777,63.5,41.0,54.9,33.7,29.4,2.09,38,11.4,7.0,11,Poor,100.0,1,1
STU0557,80.5,50.4,35.1,47.2,50.9,2.32,28,29.9,24.0,12,Poor,73.6,0,1
STU0603,98.9,92.7,77.5,63.4,80.0,3.57,50,108.0,33.0,1,Excellent,100.0,1,0
STU0459,80.2,84.6,50.4,63.3,57.2,3.05,30,59.3,34.0,8,Fair,78.3,1,0
STU0748,92.3,75.2,65.0,79.5,51.8,2.41,53,50.9,12.0,2,Good,95.1,1,0
STU0043,61.6,62.9,72.3,40.3,47.3,2.42,45,19.4,21.0,11,Poor,51.2,1,1
STU0420,92.2,83.8,58.3,96.0,99.7,2.97,64,,50.0,8,Excellent,80.0,1,0
STU0621,75.6,64.9,51.6,58.3,37.1,3.29,51,39.3,12.0,8,Poor,88.0,0,1
STU0464,69.9,42.7,27.4,13.3,15.7,1.46,14,67.9,9.0,8,Poor,54.8,0,1
STU0990,64.5,48.8,69.7,42.9,61.5,2.21,21,88.5,7.0,7,Fair,74.2,0,0
STU0181,93.1,72.4,97.8,68.7,96.9,3.13,61,43.5,26.0,3,Excellent,92.5,1,0
STU0954,77.6,45.7,26.4,38.7,15.6,2.16,40,66.5,23.0,9,Poor,76.3,1,1
STU0951,82.6,44.0,31.8,26.4,44.4,0.91,39,25.0,16.0,9,Poor,50.4,0,1
STU0143,81.4,22.3,61.8,26.3,26.5,1.31,23,0.0,6.0,13,Poor,52.9,1,1
STU0064,91.3,82.7,73.5,71.8,60.8,2.9,57,100.5,30.0,6,Good,85.2,1,0
STU0725,77.3,63.0,46.7,45.9,46.5,2.2,44,30.5,6.0,9,Poor,70.8,1,1
STU0118,69.9,63.4,64.2,59.5,72.0,2.59,27,0.0,16.0,3,Excellent,69.5,1,0
STU0636,76.6,71.0,70.4,41.2,38.5,1.67,42,56.5,,10,Fair,79.9,1,0
STU0749,77.5,57.2,57.0,46.7,39.0,2.19,37,54.9,3.0,8,Good,64.1,1,1
STU0518,66.0,67.5,67.7,50.0,45.2,2.77,34,51.5,18.0,10,Poor,74.7,0,1
STU0260,58.8,44.3,51.5,36.3,30.8,1.98,29,17.1,3.0,13,Poor,58.1,1,1
STU0850,100.0,83.9,83.4,65.8,75.8,3.17,74,80.0,42.0,3,Excellent,98.8,1,0
STU0412,60.7,53.5,49.2,1.7,17.6,1.82,24,28.4,4.0,14,Poor,51.1,0,1
STU0606,72.4,83.9,61.4,78.8,70.7,2.51,33,91.3,34.0,2,Fair,96.8,0,0
STU0762,82.8,68.0,56.1,79.6,100.0,3.2,50,0.0,27.0,3,Good,77.3,0,0
STU0093,73.8,66.9,59.1,65.9,41.9,1.95,47,81.9,20.0,8,Good,89.2,1,0
STU0375,79.4,73.0,66.5,69.2,79.8,2.98,46,95.3,47.0,5,Good,85.5,1,0
STU0078,73.5,90.5,65.4,42.7,55.4,2.76,64,51.5,38.0,7,Good,80.4,1,0
STU0385,71.7,31.2,49.9,36.1,41.2,2.3,20,54.9,4.0,8,Poor,81.7,0,1
STU0584,75.5,46.4,53.2,44.2,57.5,1.69,12,2.5,28.0,14,Poor,51.9,1,1
STU0907,68.7,63.3,70.6,38.5,65.4,2.54,53,56.2,30.0,7,Good,87.9,0,0
STU0913,92.9,77.6,69.7,63.6,73.1,3.16,31,79.0,43.0,0,Good,86.1,1,0
STU0946,89.8,47.0,60.8,55.1,77.5,1.82,62,52.7,28.0,8,Poor,62.5,1,1
STU0202,85.4,80.4,78.3,96.1,57.1,3.26,35,63.8,43.0,2,Excellent,100.0,1,0
STU0269,80.7,71.9,47.0,58.0,75.0,2.94,38,33.5,15.0,1,Fair,100.0,1,0
STU0919,89.9,81.2,70.2,84.1,85.8,3.56,55,74.8,23.0,2,Excellent,100.0,1,0
STU0370,100.0,84.7,80.2,75.2,82.9,3.74,38,111.3,28.0,2,Fair,98.4,1,0
STU0074,88.4,59.7,66.6,77.7,85.9,2.83,51,99.0,7.0,10,Good,88.1,0,0
STU0698,67.7,72.5,52.7,44.6,41.4,1.98,26,,14.0,9,Poor,88.5,1,0
STU0274,100.0,96.2,96.3,87.9,100.0,4.0,76,113.0,49.0,0,Excellent,100.0,1,0
STU0090,78.2,69.6,72.6,79.3,76.4,3.61,42,29.6,15.0,5,Good,86.5,1,0
STU0895,77.3,59.8,53.3,63.9,42.6,2.49,46,71.9,19.0,6,Fair,100.0,1,0
STU0977,96.5,65.2,69.2,81.3,79.7,3.12,56,79.6,42.0,4,Excellent,100.0,0,0
STU0013,89.2,62.9,69.7,56.9,69.1,2.19,45,53.6,26.0,5,Fair,78.8,0,0
STU0142,75.6,34.6,48.1,82.5,87.1,1.1,45,68.3,21.0,9,Fair,84.2,1,0
STU0243,60.3,56.6,29.4,37.7,15.5,1.96,26,0.0,6.0,12,Poor,72.2,1,1
STU0835,78.2,60.8,58.4,66.9,25.2,2.17,17,36.5,0.0,8,Poor,90.5,0,1
STU0058,83.9,88.7,64.6,77.7,93.7,3.34,78,71.3,20.0,5,Excellent,89.6,1,0
STU0712,83.3,56.9,77.8,79.5,63.6,1.94,42,97.2,21.0,2,Good,100.0,1,0
STU0268,95.5,75.9,65.3,65.8,69.4,2.14,30,67.2,28.0,2,Fair,93.6,1,0
STU0238,66.4,68.4,60.2,67.5,59.2,2.68,43,77.5,32.0,5,Fair,82.0,1,0
STU0163,100.0,91.6,100.0,99.6,100.0,4.0,51,134.5,37.0,0,Excellent,97.2,1,0
STU0347,79.2,60.9,54.3,55.2,37.3,1.91,12,30.8,7.0,6,Poor,93.1,0,1
STU0336,51.7,65.1,49.2,39.4,27.2,1.61,26,0.0,6.0,6,Poor,88.1,1,1
STU0889,58.1,21.0,29.4,20.3,14.2,1.59,37,0.0,0.0,13,Poor,43.9,1,1
STU0372,100.0,89.9,76.8,62.5,73.9,3.49,51,82.3,24.0,1,Excellent,100.0,1,0
STU0378,69.8,41.4,32.7,27.6,23.2,1.44,11,19.4,0.0,14,Poor,42.5,0,1
STU0114,61.0,45.3,47.4,48.7,41.5,2.13,13,26.6,2.0,8,Poor,72.2,1,1
STU0693,77.2,67.3,73.9,52.0,78.6,3.08,51,96.2,36.0,7,Good,77.9,1,0
STU0920,51.0,29.8,48.6,37.5,39.7,1.51,4,74.1,16.0,12,Poor,93.3,0,1
STU0484,100.0,76.2,69.6,85.4,71.9,3.47,65,76.4,18.0,4,Excellent,52.0,1,0
STU0430,81.9,77.1,84.1,76.4,46.3,3.67,64,35.7,36.0,8,Good,99.1,1,0
STU0881,66.0,74.7,68.5,58.5,55.8,3.17,38,119.8,18.0,6,Good,78.1,1,0
STU0254,66.4,55.6,29.7,57.8,18.3,2.62,49,60.8,23.0,12,Fair,72.9,1,1
STU0168,57.8,85.4,52.2,59.3,52.2,2.48,31,59.6,22.0,7,Excellent,88.5,1,0
STU0891,63.0,63.4,45.6,33.9,52.1,2.48,30,46.5,11.0,8,Poor,75.5,1,0
STU0592,100.0,58.0,85.4,80.9,83.3,2.85,33,48.4,28.0,9,Good,99.0,1,0
STU0956,92.9,75.6,70.3,57.5,100.0,3.45,35,133.1,48.0,0,Good,75.3,1,0
STU0277,81.6,51.3,42.3,61.1,56.0,2.27,19,42.8,33.0,13,Fair,100.0,1,1
STU0804,90.5,67.7,58.7,70.3,78.1,3.25,42,20.4,18.0,5,Good,69.9,1,0
STU0865,71.9,59.3,44.9,30.0,35.9,2.06,62,65.4,,10,Poor,62.0,1,0
STU0547,82.5,54.4,62.6,83.3,27.4,3.36,38,92.5,33.0,8,Fair,88.4,1,0
STU0082,53.0,56.2,58.5,37.8,58.9,2.06,20,42.4,14.0,11,Poor,89.5,0,1
STU0200,80.9,55.4,53.7,53.5,60.4,2.48,41,31.4,11.0,8,Poor,91.5,1,0
STU0627,82.4,41.9,70.2,55.4,45.0,2.56,29,0.0,27.0,7,Poor,83.0,1,0
STU0757,68.2,67.7,57.7,44.8,45.5,1.85,32,23.6,20.0,10,Poor,81.0,0,1
STU0784,100.0,69.8,83.3,90.6,78.3,2.96,15,62.1,12.0,5,Excellent,88.2,1,0
STU0102,85.6,87.8,63.2,74.2,83.3,3.93,55,98.6,21.0,3,Excellent,78.7,1,0
STU0776,93.6,71.0,89.1,52.8,71.7,2.87,20,72.1,32.0,4,Excellent,71.5,1,0
STU0470,86.9,39.4,51.6,57.8,32.0,2.44,38,0.8,11.0,7,Fair,83.8,1,1
STU0806,86.4,64.9,77.2,46.0,60.4,3.12,78,44.7,17.0,4,Excellent,100.0,1,0
STU0246,82.0,49.8,42.0,45.7,36.8,1.99,21,24.9,0.0,5,Poor,77.0,0,1
STU0746,92.7,71.9,84.6,70.6,78.1,3.47,23,103.1,29.0,5,Good,88.7,1,0
STU0355,100.0,95.2,65.2,72.9,63.8,3.24,44,55.6,23.0,1,Excellent,95.0,1,0
STU0764,100.0,65.8,78.6,77.6,90.7,3.67,40,102.8,13.0,3,Good,94.5,1,0
STU0293,95.3,82.0,91.5,77.1,72.8,3.58,54,46.2,43.0,0,Good,93.9,1,0
STU0590,95.9,83.3,88.0,78.6,80.4,3.19,30,105.9,34.0,13,Excellent,100.0,1,0
STU0540,70.7,67.9,59.2,39.4,54.6,1.79,37,57.6,8.0,13,Poor,73.6,1,1
STU0441,85.4,58.2,61.4,81.9,60.1,2.54,26,55.8,26.0,9,Fair,71.0,0,0
STU0965,95.3,59.7,62.8,57.6,49.9,3.3,68,59.1,37.0,5,Good,99.8,1,0
STU0812,71.2,42.7,52.8,48.7,44.1,2.5,61,12.0,11.0,7,Poor,66.6,1,1
STU0301,100.0,88.9,79.3,93.5,,3.33,78,91.9,41.0,5,Excellent,100.0,1,0
STU0079,100.0,69.4,51.1,55.3,64.5,3.29,58,61.1,30.0,6,Fair,77.7,1,0
STU0778,83.6,72.8,63.6,72.5,48.8,2.93,31,85.7,11.0,6,Good,73.6,1,0
STU0936,81.9,86.5,45.4,72.3,60.3,2.57,64,77.9,8.0,1,Good,79.5,1,0
STU0033,90.8,55.3,62.8,38.6,57.9,2.81,43,89.4,22.0,10,Fair,79.3,1,0
STU0888,66.8,62.0,59.1,49.6,72.4,3.1,29,91.1,0.0,6,Fair,62.5,0,0
STU0100,72.4,64.2,66.0,54.5,40.8,1.79,56,43.6,8.0,13,Fair,79.4,0,1
STU0376,100.0,99.2,69.0,88.6,69.9,4.0,83,116.6,46.0,0,Excellent,95.2,1,0
STU0109,100.0,87.4,65.9,58.1,92.4,3.02,18,82.5,24.0,7,Excellent,97.6,1,0
STU0705,80.3,81.5,77.5,83.0,86.3,2.88,46,96.0,41.0,6,Excellent,93.5,1,0
STU0469,100.0,69.0,82.2,94.6,100.0,3.39,55,63.5,29.0,1,Excellent,94.7,1,0
STU0568,65.0,58.8,59.1,36.9,50.2,1.87,35,18.1,33.0,9,Fair,80.3,0,1
STU0770,82.2,100.0,90.1,95.2,100.0,3.63,62,45.0,38.0,3,Excellent,97.4,1,0
STU0334,54.0,55.0,50.5,41.0,55.0,2.68,53,30.5,21.0,10,Poor,97.6,1,1
STU0926,88.1,80.9,93.7,99.9,100.0,3.35,74,117.5,42.0,8,Excellent,80.8,1,0
STU0369,73.4,78.6,57.5,67.7,60.7,2.76,49,48.1,39.0,5,Good,100.0,0,0
STU0709,87.0,71.3,63.1,56.0,44.7,2.59,33,39.5,25.0,9,Poor,74.2,1,0
STU0551,84.5,58.5,52.5,57.9,78.5,3.11,50,84.9,15.0,10,Good,89.8,1,0
STU0087,84.5,48.7,56.5,40.0,40.4,2.05,51,38.1,31.0,7,Poor,70.5,1,0
STU0393,80.6,55.5,42.4,44.4,37.0,1.82,33,13.0,23.0,7,Fair,69.8,1,0
STU0974,83.7,87.6,65.1,90.7,33.9,2.97,33,18.1,,8,Fair,96.5,1,0
STU0694,67.0,32.5,32.7,11.4,11.1,1.91,9,81.9,18.0,15,Poor,71.6,0,1
STU0966,71.7,52.1,32.2,30.9,37.4,2.33,40,29.8,19.0,11,Poor,59.5,0,0
STU0141,100.0,85.1,67.1,64.9,64.1,2.81,55,83.4,34.0,5,Good,70.2,1,0
STU0618,82.9,54.9,74.3,56.2,50.1,2.75,0,72.5,14.0,7,Good,95.2,1,0
STU0553,81.1,65.2,62.7,77.9,55.1,3.01,41,137.9,26.0,5,Good,87.3,1,0
STU0561,80.3,61.9,65.4,68.6,66.2,3.18,55,63.9,15.0,10,Fair,87.3,1,0
STU0149,70.0,88.0,72.5,98.3,75.6,3.24,61,84.4,31.0,1,Fair,100.0,1,0
STU0689,91.8,58.9,69.1,85.6,48.7,2.61,31,45.5,5.0,13,Good,81.9,1,0
STU0477,90.1,96.6,57.5,51.3,80.4,2.93,58,48.3,16.0,5,Excellent,80.3,1,0
STU0381,78.1,77.2,61.8,65.3,86.1,3.14,16,86.7,,5,Poor,83.1,1,0
STU0053,55.9,47.9,55.9,28.3,39.4,2.23,28,9.9,0.0,11,Poor,76.2,1,1
STU0089,100.0,77.5,63.1,70.1,61.4,2.41,54,26.8,7.0,9,Good,97.4,1,0
STU0786,72.2,78.9,66.8,50.1,43.0,3.41,51,70.9,0.0,7,Good,100.0,1,0
STU0512,71.5,66.5,74.8,39.8,51.7,2.49,33,28.9,24.0,11,Good,65.8,1,0
STU0996,95.0,73.7,60.3,58.1,79.0,2.33,59,110.8,29.0,7,Poor,80.1,1,0
STU0315,100.0,81.3,77.4,86.5,,3.1,43,96.8,,2,Excellent,84.7,1,0
STU0825,67.0,34.8,40.7,29.1,37.2,0.96,30,23.6,11.0,11,Fair,53.5,1,1
STU0728,85.8,71.7,70.7,80.1,58.3,2.88,42,108.6,,5,Fair,100.0,1,0
STU0575,78.1,56.8,64.6,56.5,75.8,3.15,18,90.5,8.0,6,Fair,84.5,1,0
STU0258,77.7,60.8,60.7,75.1,67.1,2.01,27,75.9,38.0,7,Fair,71.0,1,0
STU0921,92.2,53.1,52.7,60.1,49.2,2.39,46,105.0,26.0,8,Good,79.9,1,0
STU0316,97.8,76.8,62.7,66.9,53.3,2.86,45,61.2,10.0,7,Fair,80.1,1,0
STU0476,69.2,60.3,59.3,63.2,59.9,2.09,15,48.6,15.0,7,Fair,87.6,1,0
STU0799,74.6,74.8,80.5,86.5,70.6,2.94,61,96.6,19.0,4,Excellent,100.0,1,0
STU0348,84.0,67.8,63.9,72.0,39.7,3.48,53,73.4,21.0,5,Excellent,84.1,1,0
STU0781,92.1,71.8,75.9,64.7,53.6,2.52,40,57.9,9.0,10,Good,85.8,0,0
STU0437,85.2,55.5,47.7,45.2,44.4,2.15,46,28.6,9.0,10,Fair,91.1,1,1
STU0220,67.8,67.6,41.3,62.6,42.1,2.48,41,35.7,17.0,7,Poor,66.2,1,1
STU0322,76.8,59.0,72.0,54.4,57.1,2.01,38,9.7,16.0,4,Fair,67.7,1,0
STU0416,72.6,61.8,77.6,64.8,51.1,2.18,40,39.7,6.0,9,Fair,68.9,0,1
STU0290,71.5,71.2,47.5,47.1,62.6,3.21,47,60.0,16.0,3,Fair,94.7,1,0
STU0653,87.6,92.0,94.6,96.3,92.9,3.84,62,112.9,31.0,2,Excellent,97.8,1,0
STU0878,74.1,77.6,55.5,61.5,62.8,2.3,20,4.1,35.0,4,Fair,87.2,1,0
STU0352,80.5,81.5,78.8,78.7,58.5,3.22,47,88.9,9.0,10,Fair,89.4,1,0
STU0105,75.7,45.1,49.3,46.1,38.6,2.15,30,22.7,16.0,11,Fair,72.4,0,0
STU0585,86.0,74.3,75.7,75.4,67.3,2.85,49,90.5,40.0,7,Fair,100.0,1,0
STU0101,74.4,70.1,60.8,43.1,59.9,2.13,55,92.7,9.0,10,Poor,94.5,1,0
STU0923,80.1,52.2,53.0,49.6,63.5,3.66,56,39.8,19.0,7,Fair,74.1,1,0
STU0433,77.8,57.4,52.3,54.9,63.6,2.2,31,48.7,30.0,6,Fair,99.2,1,0
STU0869,61.3,55.4,56.6,56.0,77.1,2.49,28,61.6,23.0,9,Poor,88.2,0,0
STU0647,78.7,73.0,85.1,87.3,68.7,2.46,48,40.2,29.0,6,Good,62.1,1,0
STU0771,100.0,84.9,92.5,81.7,91.0,4.0,57,124.2,41.0,2,Excellent,100.0,1,0
STU0236,72.7,51.2,45.8,57.7,55.7,2.21,30,49.7,8.0,8,Poor,91.2,1,0
STU0579,62.7,45.0,71.4,63.9,48.5,2.22,62,47.6,17.0,8,Good,96.9,0,0
STU0973,71.3,69.7,65.4,67.2,75.7,2.7,44,61.9,33.0,8,Fair,81.8,1,0
STU0529,96.0,52.3,75.8,46.4,54.2,2.71,42,72.1,24.0,5,Good,92.5,1,0
STU0780,84.8,60.8,38.3,18.8,37.3,1.72,28,0.0,9.0,13,Poor,75.4,0,1
STU0283,95.6,61.9,84.1,68.2,85.1,2.81,48,93.3,23.0,4,Excellent,100.0,1,0
STU0872,83.5,48.4,44.8,33.6,44.2,2.95,50,48.9,0.0,9,Poor,71.6,0,1
STU0018,57.3,51.3,45.6,59.3,55.3,1.94,47,45.6,22.0,9,Fair,80.2,1,1
STU0337,78.8,61.0,79.9,48.0,49.6,2.56,50,51.2,9.0,6,Fair,97.3,0,0
STU0860,91.8,63.5,63.0,75.7,67.4,3.48,33,80.2,30.0,6,Good,100.0,1,0
STU0365,74.6,61.3,84.3,65.0,28.5,2.68,44,5.8,8.0,4,Good,81.4,1,0
STU0941,74.6,58.6,80.3,65.6,67.4,2.12,9,80.8,3.0,8,Fair,83.8,1,0
STU0443,96.6,59.6,58.6,67.2,64.7,3.1,67,39.2,7.0,4,Fair,92.6,1,0
STU0104,100.0,79.7,78.8,84.7,95.6,3.01,70,80.1,10.0,5,Good,100.0,1,0
STU0566,93.6,70.5,63.4,92.2,73.1,3.23,38,69.3,21.0,7,Excellent,72.2,1,0
STU0036,84.8,80.7,83.2,83.8,80.3,2.76,33,129.3,14.0,8,Good,78.6,1,0
STU0178,82.8,69.3,69.5,65.5,66.1,3.23,42,96.0,18.0,8,Excellent,83.1,0,0
STU0523,100.0,81.5,77.1,77.3,79.9,3.1,58,99.4,35.0,6,Excellent,100.0,1,0
STU0172,66.5,56.5,58.7,76.0,74.5,2.86,37,66.9,24.0,4,Excellent,86.0,1,0
STU0024,85.7,68.9,60.5,49.5,36.3,2.2,33,70.5,14.0,12,Fair,90.8,1,0
STU0690,95.4,67.5,40.7,70.8,44.1,2.1,45,84.8,12.0,9,Fair,69.7,0,0
STU0663,45.8,53.4,49.0,42.3,51.0,2.06,34,37.7,23.0,8,Poor,67.4,1,1
STU0027,86.7,55.5,74.5,77.8,59.7,2.9,62,85.8,22.0,9,Excellent,100.0,1,0
STU0467,85.1,51.9,55.5,73.0,53.9,2.77,27,51.6,26.0,5,Good,75.6,1,0
STU0596,71.9,64.1,50.5,84.6,63.1,2.53,34,51.8,10.0,5,Good,63.6,1,0
STU0150,95.3,76.3,66.0,66.2,39.1,2.28,53,71.4,27.0,5,Fair,89.6,1,0
STU0615,90.6,50.1,36.6,26.7,38.1,2.48,34,80.0,20.0,10,Poor,57.2,1,0
STU0801,68.6,54.7,50.5,44.5,45.0,2.02,43,45.7,15.0,9,Poor,82.1,0,1
STU0180,72.7,73.1,63.1,69.8,53.6,2.57,71,93.6,9.0,6,Good,86.5,1,0
STU0717,62.6,41.0,45.3,46.8,43.7,1.79,15,0.0,14.0,9,Poor,84.6,0,1
STU0939,87.5,72.8,70.7,75.9,84.1,3.25,72,74.7,33.0,5,Excellent,98.6,1,0
STU0743,64.0,56.8,43.3,25.2,40.3,2.29,8,11.4,15.0,10,Poor,49.3,1,1
STU0699,69.5,40.2,55.6,34.5,57.5,1.93,48,43.0,21.0,10,Poor,68.8,1,0
STU0332,88.4,65.7,56.7,70.1,54.3,3.14,81,52.9,32.0,1,Good,100.0,1,0
STU0968,61.9,55.6,48.0,37.3,32.0,2.21,29,41.2,,10,Fair,83.8,0,1
STU0331,100.0,70.6,73.0,83.9,100.0,3.62,43,76.4,41.0,5,Excellent,97.4,1,0
STU0069,77.2,88.7,78.1,98.8,72.4,2.88,61,34.9,29.0,10,Good,89.7,1,0
STU0129,88.1,55.7,59.1,42.7,45.3,2.39,46,65.3,28.0,10,Poor,68.0,0,0
STU0046,82.4,62.0,56.7,59.8,60.8,3.25,50,61.3,6.0,6,Good,86.7,1,0
STU0478,49.7,39.5,51.2,41.2,32.9,2.24,57,30.2,28.0,11,Poor,74.9,0,1
STU0896,81.9,75.0,64.7,57.6,75.7,3.15,72,132.9,40.0,4,Excellent,83.6,1,0
STU0399,75.5,77.5,63.6,46.7,54.8,2.32,32,53.3,26.0,3,Excellent,78.6,1,0
STU0790,73.4,72.2,57.1,52.8,64.0,3.05,35,74.1,21.0,5,Good,77.4,1,0
STU0472,79.8,69.7,54.2,51.3,42.3,2.26,30,27.3,23.0,12,Fair,83.9,0,0
STU0668,93.5,72.3,66.3,55.0,77.5,2.85,55,95.9,20.0,5,Good,79.0,1,0
STU0108,100.0,55.2,49.5,57.5,69.8,2.33,52,20.0,5.0,8,Fair,84.1,1,0
STU0641,73.1,34.8,50.4,19.9,53.3,1.68,36,33.9,12.0,12,Poor,65.3,1,1
STU0019,99.6,74.7,78.8,78.7,69.8,2.72,74,62.4,16.0,8,Excellent,81.2,1,0
STU0667,62.3,46.8,40.0,36.9,48.5,1.87,19,11.2,,11,Poor,66.9,0,1
STU0394,85.0,75.7,71.3,55.3,54.8,2.61,31,95.6,18.0,4,Good,91.7,1,0
STU0060,100.0,82.1,64.8,71.7,74.2,3.19,73,97.0,,6,Excellent,92.0,1,0
STU0335,65.1,69.7,59.0,62.2,67.1,3.05,60,85.2,23.0,6,Good,81.4,1,0
STU0161,75.2,44.0,46.7,45.9,25.3,2.1,22,24.6,4.0,9,Fair,73.2,1,1
STU0463,63.9,38.5,42.5,21.4,46.1,1.4,4,35.1,19.0,11,Poor,81.3,1,1
STU0800,96.6,63.0,57.7,61.0,54.1,2.82,38,30.4,33.0,8,Good,72.9,1,0
STU0897,75.8,44.8,63.7,34.4,55.5,2.48,46,45.9,10.0,7,Poor,61.1,0,0
STU0488,84.6,60.6,75.8,70.6,52.7,2.64,42,45.3,36.0,7,Excellent,98.4,1,0
STU0131,76.1,53.8,59.2,63.2,65.6,2.11,26,57.0,23.0,4,Fair,79.7,0,0
STU0903,72.3,68.9,70.4,40.5,56.8,2.51,20,87.2,12.0,13,Good,94.7,1,0
STU0659,100.0,87.8,75.9,68.3,71.5,3.32,65,76.3,36.0,4,Excellent,94.3,1,0
STU0648,66.4,52.9,37.6,30.3,19.6,1.4,29,53.9,1.0,8,Poor,83.9,0,1
STU0227,100.0,100.0,94.6,87.8,100.0,4.0,80,78.2,41.0,2,Excellent,90.5,1,0
STU0833,80.1,42.4,58.2,41.9,25.7,2.1,12,28.9,3.0,12,Poor,76.2,0,1
STU0960,82.8,66.6,85.5,57.2,54.2,3.31,29,23.9,25.0,6,Good,84.3,0,0
STU0680,97.2,61.6,65.1,59.5,41.9,2.86,43,94.4,19.0,10,Good,72.5,0,0
STU0815,77.8,59.2,55.5,65.4,50.6,2.57,59,64.6,37.0,9,Fair,69.8,1,1
STU0975,86.4,42.3,52.1,38.0,36.2,2.56,14,39.2,30.0,10,Poor,92.9,0,0
STU0411,85.2,43.4,37.1,12.4,52.4,2.11,35,6.9,4.0,7,Poor,79.4,1,0
STU0095,70.5,38.8,43.6,57.6,37.5,1.9,4,15.7,15.0,10,Poor,71.8,0,1
STU0876,71.0,25.9,19.3,36.4,19.9,1.96,4,0.0,2.0,15,Poor,73.9,0,1
STU0185,95.0,71.5,52.5,75.7,65.9,2.51,45,50.0,13.0,5,Good,89.3,1,0
STU0156,100.0,89.9,89.6,78.2,81.8,3.32,49,100.8,45.0,3,Excellent,100.0,1,0
STU0842,73.4,66.6,73.3,60.5,46.6,2.57,28,56.1,19.0,10,Fair,54.7,0,0
STU0339,100.0,100.0,86.3,65.4,79.0,3.4,34,73.3,29.0,4,Good,87.6,1,0
STU0085,59.5,51.3,57.9,37.4,52.0,2.24,25,29.0,6.0,11,Poor,82.7,1,1
STU0942,68.7,78.3,85.0,70.6,67.3,2.62,52,57.8,51.0,6,Good,97.3,1,0
STU0158,86.3,90.6,67.5,72.6,93.1,3.36,29,124.3,32.0,3,Excellent,94.9,1,0
STU0271,78.2,68.9,58.1,63.2,30.2,2.56,40,,10.0,10,Poor,83.3,1,0
STU0486,73.9,57.3,59.9,71.4,,2.83,58,72.5,37.0,4,Poor,85.5,1,0
STU0061,60.6,42.9,29.8,49.9,33.6,1.36,16,,11.0,9,Poor,80.6,0,1
STU0116,90.8,59.7,54.3,62.0,42.1,2.56,29,29.2,10.0,9,Fair,76.9,1,1
STU0081,77.0,73.9,72.1,62.3,81.2,2.56,37,51.5,9.0,7,Good,100.0,1,0
STU0386,94.6,56.4,47.9,54.2,40.6,2.61,37,65.6,8.0,7,Poor,73.9,1,1
STU0846,90.6,54.4,58.0,38.5,76.5,3.11,62,88.4,13.0,5,Fair,98.2,1,0
STU0344,76.7,67.2,66.3,76.6,59.7,2.17,39,,10.0,6,Good,87.4,1,0
STU0037,76.9,72.4,57.5,61.0,85.6,2.84,39,22.5,10.0,7,Fair,88.7,0,1
STU0389,78.1,72.3,76.4,46.6,42.5,2.48,52,77.3,25.0,9,Good,68.7,0,0
STU0976,53.0,58.6,53.4,48.9,33.2,2.08,53,22.5,23.0,8,Poor,72.1,1,1
STU0672,88.6,56.8,79.2,71.4,57.8,2.93,46,23.0,18.0,8,Fair,100.0,0,0
STU0911,80.5,50.0,49.6,66.0,36.1,2.81,44,37.6,11.0,5,Poor,83.4,1,0
STU0789,56.7,54.3,44.8,66.1,66.4,1.8,10,67.5,9.0,11,Poor,69.2,1,1
STU0040,94.4,79.9,73.5,69.9,67.8,2.61,73,59.7,27.0,5,Excellent,73.3,1,0
STU0628,90.8,96.4,92.5,70.3,92.4,1.86,42,92.8,30.0,3,Excellent,75.0,1,0
STU0134,64.3,74.2,63.3,50.2,54.3,2.05,26,74.3,8.0,4,Poor,75.9,0,1
STU0136,71.7,63.1,47.6,32.3,33.8,1.98,39,38.1,17.0,14,Poor,100.0,0,1
STU0506,85.8,62.9,64.8,72.6,70.6,2.02,36,75.9,24.0,8,Poor,69.4,0,1
STU0387,99.8,81.7,53.8,67.3,62.8,2.45,50,77.2,8.0,9,Excellent,95.3,0,0
STU0925,79.2,63.4,54.9,58.7,37.8,2.12,24,81.5,37.0,7,Poor,77.3,0,0
STU0003,96.4,72.4,75.9,95.9,75.3,2.82,68,78.9,12.0,6,Excellent,81.1,1,0
STU0536,100.0,66.6,80.1,54.5,74.6,2.6,42,116.0,40.0,10,Excellent,94.2,1,0
STU0829,87.9,74.8,62.6,82.0,96.3,3.18,32,48.1,44.0,5,Excellent,100.0,1,0
STU0756,96.1,85.8,65.9,72.1,70.4,3.36,49,127.8,24.0,4,Excellent,89.8,1,0
STU0650,60.9,55.4,79.8,55.8,49.3,2.45,34,68.8,1.0,7,Fair,56.9,1,1
STU0171,88.4,48.3,47.5,63.9,61.7,2.54,25,22.0,15.0,11,Poor,75.4,0,1
STU0768,75.5,65.5,72.1,58.0,63.3,2.92,37,0.0,26.0,10,Fair,60.7,1,0
STU0528,85.9,66.3,61.2,47.1,63.7,2.8,78,51.4,8.0,8,Good,89.2,1,0
STU0373,84.2,80.4,72.2,56.1,58.8,3.1,54,,14.0,2,Excellent,74.1,1,0
STU0542,80.1,62.0,56.8,52.8,48.5,2.33,20,30.0,1.0,12,Poor,70.8,0,1
STU0906,100.0,83.5,88.1,100.0,100.0,3.7,69,63.5,29.0,3,Excellent,100.0,1,0
STU0473,80.1,62.2,62.5,69.9,77.4,2.66,43,61.0,30.0,7,Fair,72.9,0,0
STU0805,99.3,83.5,70.7,92.1,74.9,3.25,73,95.5,27.0,4,Excellent,78.2,1,0
STU0738,98.3,75.0,70.6,91.6,84.4,3.33,73,64.5,13.0,8,Good,85.0,0,0
STU0338,70.2,75.3,74.3,71.5,58.2,3.13,44,,28.0,9,Good,73.5,1,0
STU0783,85.6,69.9,89.1,76.6,78.5,3.22,66,103.2,50.0,4,Excellent,97.0,1,0
STU0153,54.1,46.4,35.3,40.9,35.4,1.75,12,2.0,15.0,10,Poor,82.4,0,1
STU0751,88.1,60.0,66.7,57.8,70.5,2.79,17,55.4,18.0,7,Fair,74.8,1,0
STU0063,84.0,64.5,67.4,93.1,53.3,2.4,62,76.2,0.0,14,Poor,92.0,1,0
STU0500,89.8,37.1,56.1,45.7,27.1,1.56,35,6.0,0.0,11,Poor,48.1,0,1
STU0096,78.1,57.0,52.7,25.7,11.5,1.77,16,0.0,10.0,11,Poor,84.9,0,0
STU0183,57.9,54.3,41.3,46.3,33.6,2.4,43,81.5,28.0,9,Fair,74.0,0,1
STU0067,84.3,52.9,67.5,58.8,42.4,1.72,44,78.9,11.0,7,Good,91.1,1,0
STU0132,70.3,46.0,67.5,32.3,25.6,1.9,23,14.7,9.0,7,Poor,72.4,0,1
STU0933,92.6,74.2,87.6,82.7,100.0,3.21,42,77.4,22.0,3,Excellent,100.0,1,0
STU0957,73.3,67.0,62.0,44.6,51.8,2.06,7,69.3,18.0,9,Fair,77.0,1,1
STU0578,74.6,90.5,69.3,82.0,48.5,3.17,57,125.8,36.0,3,Excellent,94.0,1,0
STU0864,82.5,75.3,91.5,82.0,67.0,2.87,27,77.0,34.0,9,Poor,79.4,0,0
STU0880,82.0,52.6,66.2,64.1,44.2,3.04,30,100.7,9.0,7,Fair,91.9,0,0
STU0521,82.9,43.2,49.4,37.7,28.8,2.35,23,28.6,15.0,9,Poor,42.6,1,1
STU0999,82.9,63.5,71.9,55.2,61.9,2.79,64,93.7,20.0,4,Good,89.3,1,0
STU0052,82.7,72.6,59.6,59.3,68.4,3.05,62,65.5,24.0,4,Fair,100.0,1,0
STU0985,73.5,64.6,55.6,56.9,46.7,1.99,52,93.9,14.0,5,Fair,90.7,1,0
STU0458,76.0,55.7,47.4,37.0,41.1,2.63,24,61.5,17.0,13,Poor,68.5,0,1
STU0402,73.2,66.0,74.2,73.9,56.3,3.01,61,88.7,12.0,9,Poor,100.0,1,1
STU0209,83.4,72.8,58.0,60.1,58.7,2.03,19,0.0,13.0,11,Poor,66.8,1,1
STU0192,87.9,71.7,52.5,48.4,66.6,2.73,64,7.5,47.0,6,Poor,68.5,1,0
STU0296,63.9,75.1,73.5,71.1,67.9,3.26,32,74.4,28.0,7,Good,87.8,1,0
STU0670,48.8,27.1,26.3,24.2,5.2,1.42,12,41.9,12.0,13,Poor,85.6,1,1
STU0030,62.9,80.0,63.9,70.7,68.9,2.23,49,88.1,30.0,10,Fair,93.0,1,0
STU0130,70.6,37.2,61.5,51.5,30.5,2.17,21,69.2,27.0,7,Poor,68.2,0,1
STU0931,67.0,52.3,56.4,48.4,68.0,2.84,55,22.1,25.0,9,Poor,76.6,1,0
STU0226,80.1,73.2,67.8,57.3,68.3,2.91,39,46.3,27.0,7,Fair,86.4,0,0
STU0434,79.9,29.1,42.0,34.8,32.8,2.0,18,1.8,0.0,14,Poor,75.6,0,1
STU0455,81.4,78.6,60.1,79.6,67.8,2.43,39,97.4,19.0,10,Excellent,79.7,0,0
STU0798,94.4,78.6,73.4,64.2,88.0,3.3,71,82.6,20.0,4,Excellent,81.8,1,0
STU0524,85.4,62.0,44.5,39.1,56.7,2.84,34,75.0,9.0,5,Fair,87.0,0,0
STU0256,97.3,71.1,61.7,76.8,85.0,2.64,54,44.0,31.0,6,Good,86.3,0,0
STU0866,93.3,78.1,61.7,60.4,74.3,2.53,52,80.8,17.0,4,Good,89.9,1,0
STU0159,66.2,39.9,63.1,36.0,64.2,2.16,37,36.3,16.0,14,Fair,80.2,1,0
STU0310,82.1,85.7,86.1,81.7,57.5,3.85,63,61.0,40.0,5,Excellent,95.2,1,0
STU0534,100.0,62.6,69.7,72.0,47.2,2.96,50,18.1,3.0,7,Good,100.0,0,0
STU0588,76.3,62.7,65.6,50.9,64.3,2.46,22,44.5,4.0,7,Poor,63.8,0,0
STU0405,83.9,68.1,61.5,50.6,66.8,3.02,51,37.3,21.0,7,Good,100.0,1,0
STU0294,52.3,15.6,28.4,29.1,32.0,2.09,14,0.0,0.0,12,Poor,64.6,0,1
STU0929,71.3,69.9,48.1,40.3,74.5,2.73,35,57.6,20.0,7,Fair,57.5,1,1
STU0715,69.2,55.2,59.2,48.5,47.8,2.01,29,74.8,25.0,9,Good,72.4,1,1
STU0480,100.0,100.0,91.7,100.0,100.0,3.73,74,131.6,51.0,7,Excellent,99.5,1,0
STU0679,90.0,65.2,51.7,58.6,53.4,2.94,28,,34.0,4,Fair,81.7,1,0
STU0165,100.0,69.0,78.5,65.8,70.3,2.79,83,121.1,36.0,1,Excellent,90.8,1,0
STU0613,67.6,47.2,40.5,32.7,29.3,1.63,18,55.2,23.0,15,Poor,84.3,0,1
STU0453,95.3,90.5,91.3,100.0,74.7,4.0,51,153.2,39.0,0,Excellent,100.0,1,0
STU0223,82.8,71.6,65.9,43.7,100.0,3.22,31,70.8,13.0,3,Poor,91.5,1,0
STU0408,86.0,82.0,69.8,93.5,76.3,3.12,29,37.0,29.0,2,Fair,83.5,1,0
STU0346,74.3,57.7,29.5,27.3,28.6,1.28,30,18.8,0.0,13,Poor,42.1,1,1
STU0887,90.9,73.7,82.5,67.9,83.1,3.46,55,70.8,26.0,4,Excellent,86.8,1,0
STU0710,100.0,73.1,69.7,67.4,77.2,2.73,42,65.6,26.0,4,Excellent,78.0,1,0
STU0633,72.8,61.9,57.6,47.1,40.5,1.46,27,,15.0,4,Fair,74.8,0,1
STU0679,90.0,65.2,51.7,58.6,53.4,2.94,28,,34.0,4,Fair,81.7,1,0
STU0822,83.9,90.8,82.9,97.4,74.7,2.98,65,55.0,52.0,3,Excellent,100.0,1,0
STU0198,83.0,53.5,58.4,52.6,31.0,2.02,19,97.1,12.0,6,Fair,77.2,0,1
STU0847,100.0,100.0,96.0,100.0,100.0,4.0,78,156.6,32.0,0,Excellent,100.0,1,0
STU0654,60.1,48.6,42.3,53.1,34.4,2.25,11,59.5,10.0,8,Poor,72.3,1,1
STU0782,80.0,65.7,56.1,37.6,73.6,2.07,47,55.0,25.0,3,Poor,80.0,1,0
STU0330,78.7,65.2,65.8,50.1,27.2,2.56,48,56.2,15.0,7,Fair,92.1,1,0
STU0562,66.6,71.5,67.4,67.4,55.1,3.71,61,63.6,34.0,8,Excellent,78.7,1,0
STU0928,82.4,63.2,70.5,50.1,70.2,3.19,40,103.1,20.0,5,Excellent,77.4,1,0
STU0609,72.1,42.3,50.2,45.2,15.5,1.8,17,70.8,12.0,13,Poor,90.0,0,1
STU0169,78.9,60.7,54.5,47.6,55.1,2.92,21,88.5,20.0,8,Good,65.2,0,0
STU0901,73.8,66.6,62.6,74.6,38.6,2.88,76,,22.0,9,Good,80.2,1,0
STU0580,89.2,73.5,79.7,50.4,75.1,3.21,70,103.6,25.0,6,Fair,86.0,1,0
STU0614,85.7,72.4,64.8,62.1,57.9,3.4,42,111.3,21.0,3,Excellent,80.7,1,0
STU1000,93.1,94.4,69.9,58.3,61.4,2.62,53,72.9,34.0,1,Good,93.4,0,0
STU0541,50.2,42.0,47.1,37.8,44.1,1.77,34,10.1,10.0,15,Poor,56.1,0,1
STU0388,70.7,64.1,75.3,62.9,75.9,2.85,70,53.9,26.0,4,Fair,90.2,1,0
STU0828,54.4,76.9,78.9,62.0,53.8,3.47,50,56.5,,6,Fair,79.7,1,0
STU0702,96.1,58.9,50.1,46.6,48.5,2.92,22,93.9,9.0,12,Good,78.1,1,0
STU0418,91.5,91.2,73.2,92.2,85.6,3.72,55,81.8,28.0,2,Excellent,85.9,1,0
STU0329,80.6,49.8,50.5,35.3,46.5,2.19,17,0.0,4.0,10,Fair,60.0,1,1
STU0883,79.0,47.9,56.4,48.2,31.9,2.02,14,24.3,19.0,13,Poor,73.7,0,1
STU0549,59.0,79.6,55.9,62.5,72.8,3.16,52,54.2,16.0,3,Good,98.5,1,0
STU0068,84.0,63.6,57.2,59.3,50.2,2.71,21,92.6,7.0,6,Good,52.9,0,0
STU0834,66.2,64.4,49.5,46.0,42.0,2.16,57,49.8,14.0,8,Poor,86.2,1,1
STU0201,98.9,59.8,62.2,59.2,54.2,2.92,51,75.1,12.0,5,Excellent,96.2,0,0
STU0502,100.0,72.6,76.0,90.3,88.3,2.36,56,59.4,26.0,6,Good,65.0,1,0
STU0126,69.7,68.5,69.0,73.0,63.9,3.36,25,79.4,,7,Good,92.4,1,0
STU0808,62.2,49.8,30.8,44.2,30.0,1.91,23,61.6,7.0,6,Poor,76.5,1,1
STU0146,72.7,66.1,51.8,59.2,28.0,2.46,35,69.6,12.0,6,Poor,74.0,0,1
STU0098,63.6,57.0,43.8,38.2,52.7,2.91,23,71.0,9.0,12,Poor,73.5,0,1
STU0522,80.5,32.5,68.4,48.2,48.0,2.39,18,35.5,27.0,8,Poor,79.5,0,1
STU0988,91.4,64.2,81.2,71.2,68.2,2.66,15,76.2,24.0,3,Good,85.2,1,0
STU0810,79.1,76.5,53.2,69.1,61.8,2.42,51,23.3,24.0,6,Fair,89.5,1,0
STU0720,71.3,42.0,41.0,49.0,43.6,2.25,31,43.9,17.0,10,Poor,57.0,0,1
STU0133,95.6,68.8,67.2,71.1,74.3,3.0,31,62.2,34.0,4,Good,86.4,0,0
STU0640,92.7,71.2,64.0,52.7,60.0,3.14,38,85.7,39.0,6,Good,90.6,1,0
STU0811,82.7,47.8,54.9,61.2,56.4,3.2,32,40.7,22.0,14,Fair,86.8,0,1
STU0262,83.4,63.3,52.7,43.9,,2.82,42,58.0,25.0,8,Poor,94.8,1,0
STU0555,73.6,53.9,65.5,70.8,80.7,2.54,60,49.5,,6,Good,91.3,1,0
STU0286,63.9,61.9,60.6,66.0,73.0,2.52,48,57.2,19.0,5,Fair,85.3,0,0
STU0563,86.1,60.1,75.6,46.7,64.0,2.83,36,96.0,14.0,6,Good,73.8,1,0
STU0564,69.6,46.9,69.0,47.5,43.0,1.77,36,47.6,23.0,6,Poor,71.9,1,1
STU0953,94.8,58.0,66.1,67.4,66.1,2.28,29,91.8,37.0,7,Good,87.0,1,0
STU0827,61.5,73.3,80.0,71.7,53.6,3.0,45,27.6,32.0,10,Poor,91.4,1,0
STU0051,76.3,59.8,73.4,77.3,75.5,2.96,51,33.8,22.0,3,Good,91.8,1,0
STU0514,78.8,48.9,69.2,72.6,47.8,2.39,32,52.8,12.0,8,Good,84.1,0,0
STU0415,62.5,73.2,69.6,43.5,52.0,2.97,48,109.6,17.0,5,Good,59.4,0,0
STU0620,88.2,78.8,95.3,79.6,91.4,3.61,60,97.6,36.0,4,Excellent,100.0,1,0
STU0684,72.3,69.1,50.5,47.8,42.1,2.06,35,81.9,24.0,8,Poor,55.9,1,0
STU0482,87.3,89.1,72.3,93.2,82.8,3.25,61,73.3,36.0,1,Excellent,94.4,1,0
STU0285,73.8,52.0,53.8,35.5,34.8,2.14,39,77.6,25.0,9,Fair,54.3,1,1
STU0401,90.2,73.1,56.8,63.1,55.3,2.44,33,36.6,4.0,5,Good,83.6,1,0
STU0733,82.6,71.4,85.1,100.0,97.5,3.43,53,40.7,24.0,4,Good,76.5,1,0
STU0517,75.5,69.0,71.1,76.4,80.9,3.04,22,91.2,27.0,3,Excellent,98.5,1,0
STU0233,82.8,60.6,55.2,52.8,51.9,2.63,49,119.3,32.0,1,Excellent,72.4,1,0
STU0535,52.4,61.7,42.6,43.2,32.3,1.91,25,27.7,10.0,9,Poor,74.0,0,1
STU0445,78.2,60.4,66.3,69.1,54.5,2.87,48,89.5,10.0,5,Excellent,78.6,1,0
STU0265,85.8,71.7,73.0,62.2,58.3,2.56,48,132.1,29.0,5,Excellent,93.9,1,0
STU0035,83.5,69.8,71.4,83.3,60.1,3.34,61,,18.0,4,Excellent,83.0,1,0
STU0598,86.9,78.5,75.3,66.3,77.1,2.85,59,65.9,26.0,2,Good,77.3,1,0
STU0311,97.3,71.9,84.6,72.6,83.3,2.95,38,86.3,29.0,5,Excellent,83.3,1,0
STU0022,57.8,59.7,47.7,68.8,52.1,2.66,13,53.9,20.0,9,Fair,91.4,0,1
STU0006,74.7,51.8,57.5,35.9,32.9,1.38,0,,11.0,8,Poor,79.8,0,0
STU0340,86.8,72.2,77.9,50.6,66.1,3.38,70,81.5,12.0,6,Good,76.1,1,0
STU0671,86.3,75.5,78.6,78.6,39.1,2.89,62,47.6,20.0,4,Good,92.6,1,0
STU0980,69.2,75.7,89.0,77.0,57.3,2.4,39,43.4,25.0,1,Fair,92.9,1,0
STU0423,48.9,61.4,69.8,64.9,30.4,2.26,38,44.8,5.0,12,Poor,84.2,0,1
STU0319,80.7,67.0,95.0,89.5,63.5,2.52,82,97.3,36.0,4,Excellent,80.7,0,0
STU0795,65.6,28.0,51.5,16.5,43.5,1.32,23,26.1,25.0,8,Poor,81.0,0,1
STU0056,81.7,69.5,60.6,37.8,53.0,2.29,36,37.8,16.0,13,Poor,55.6,0,1
STU0314,90.5,74.9,68.8,69.2,69.7,2.83,36,64.1,36.0,6,Excellent,89.1,0,0
STU0189,85.8,53.1,64.7,36.2,26.3,1.94,35,29.0,9.0,8,Poor,59.8,1,1
STU0479,75.6,63.0,69.9,74.8,69.0,2.96,24,129.0,16.0,7,Good,54.6,1,0
STU0244,80.1,42.7,53.9,42.1,24.3,2.13,45,54.3,9.0,10,Poor,41.7,0,1
STU0779,69.2,57.8,67.9,61.1,59.1,3.14,47,,26.0,7,Good,82.8,0,0
STU0565,100.0,70.2,84.0,91.1,80.8,2.87,36,46.5,5.0,4,Good,85.2,1,0
STU0742,100.0,93.3,83.1,69.7,77.7,3.7,56,113.9,29.0,6,Excellent,100.0,1,0
STU0041,100.0,68.0,80.2,87.3,72.8,3.06,44,90.7,39.0,2,Fair,91.2,1,0
STU0229,66.7,59.4,72.4,55.6,35.8,2.31,22,15.9,0.0,10,Poor,64.1,1,1
STU0326,100.0,83.2,76.4,75.4,65.7,3.62,58,119.5,15.0,7,Good,100.0,1,0
STU0622,70.4,66.8,57.2,54.0,59.0,2.73,61,68.1,20.0,7,Fair,80.1,1,0
STU0652,74.7,73.9,43.8,61.5,68.9,2.05,60,100.8,28.0,9,Fair,63.1,0,1
STU0608,84.5,73.4,66.6,85.3,83.5,2.93,29,96.1,39.0,3,Excellent,73.0,1,0
STU0203,83.3,70.5,64.9,58.7,67.6,2.37,50,55.7,16.0,4,Fair,90.3,1,0
STU0124,90.6,81.8,79.9,87.9,86.7,3.37,47,100.1,40.0,2,Good,99.5,1,0
STU0662,100.0,57.0,56.5,65.6,54.0,2.73,46,65.1,8.0,5,Excellent,93.7,1,0
STU0004,95.5,83.3,76.6,56.5,100.0,3.32,47,50.1,26.0,6,Good,89.0,1,0
STU0086,71.7,69.1,75.8,77.2,67.0,3.37,47,80.2,7.0,9,Good,86.3,1,0
STU0266,78.6,78.2,82.3,80.9,70.0,3.17,58,41.3,26.0,7,Good,97.2,1,0
STU0217,85.8,58.5,69.6,53.3,83.9,2.67,33,35.2,26.0,10,Fair,69.1,1,0
STU0351,88.1,68.8,73.3,67.3,62.7,2.65,50,110.3,16.0,5,Good,100.0,1,0
STU0148,73.0,61.1,69.7,57.5,,2.31,37,34.8,46.0,8,Fair,88.5,1,0
STU0099,94.6,79.0,51.5,91.2,71.5,2.54,47,58.0,55.0,11,Fair,84.5,1,0
STU0513,86.0,74.5,66.1,55.0,77.2,2.17,39,106.1,27.0,5,Fair,87.5,1,0
STU0194,91.9,91.0,80.9,68.8,70.8,3.65,52,90.0,37.0,6,Excellent,84.5,1,0
STU0674,52.7,52.5,51.6,18.1,38.6,1.82,42,112.3,18.0,14,Poor,63.9,1,1
STU0328,76.0,52.4,75.4,60.8,64.0,2.33,45,70.0,17.0,6,Fair,77.0,1,1
STU0413,64.9,44.6,39.5,52.4,57.2,2.09,23,33.9,23.0,7,Poor,71.2,0,1
STU0814,65.7,59.4,52.1,50.5,49.9,2.68,43,55.5,39.0,15,Fair,87.0,1,0
STU0279,100.0,84.4,72.4,69.7,74.3,3.15,66,40.8,1.0,5,Excellent,84.8,1,0
STU0252,91.3,82.6,66.3,65.6,59.2,3.34,44,53.8,20.0,9,Fair,80.4,1,0
STU0796,99.1,61.8,67.6,57.1,45.5,2.72,60,54.5,8.0,9,Fair,67.5,0,0
STU0627,82.4,41.9,70.2,55.4,45.0,2.56,29,0.0,27.0,7,Poor,83.0,1,0
STU0028,77.9,71.0,44.0,50.2,73.5,2.79,59,50.1,8.0,5,Good,88.7,0,0
STU0818,82.6,76.6,72.9,66.9,61.2,2.69,27,66.3,12.0,10,Good,72.8,1,0
STU0015,76.5,63.7,82.9,79.9,69.2,3.03,36,109.4,17.0,10,Good,89.0,1,0
STU0857,74.0,69.0,66.5,52.3,45.7,3.11,30,25.4,25.0,9,Fair,88.1,0,1
STU0773,83.6,59.0,63.9,69.9,58.9,2.77,42,54.5,38.0,5,Excellent,82.4,1,0
STU0366,90.9,88.3,94.1,67.8,96.8,4.0,60,48.5,50.0,3,Excellent,97.3,1,0
STU0969,100.0,74.6,92.4,67.4,70.4,3.2,58,70.7,22.0,5,Good,81.5,1,0
STU0577,98.9,83.6,71.7,85.1,70.0,3.53,33,104.1,44.0,5,Excellent,93.8,1,0
STU0281,91.0,81.8,79.9,89.1,85.5,2.38,53,38.1,21.0,5,Good,75.9,0,0
STU0222,80.0,79.5,59.0,65.7,70.2,2.09,36,65.7,23.0,9,Fair,84.4,1,0
STU0604,77.6,46.5,57.3,69.1,55.6,2.44,34,52.9,12.0,7,Fair,77.3,1,0
STU0734,65.6,52.0,56.6,53.7,26.7,2.56,38,59.5,43.0,7,Fair,69.7,1,0
STU0324,82.7,63.3,72.1,81.6,73.3,2.77,60,62.9,,10,Fair,99.7,1,0
STU0080,63.7,73.5,51.1,68.9,47.1,2.24,73,38.4,20.0,10,Fair,84.3,1,0
STU0643,93.8,73.4,78.9,90.7,100.0,4.0,58,86.3,29.0,0,Excellent,85.5,1,0
